Apache Maven 3.9.16 (2bdd9fddda4b155ebf8000e807eb73fd829a51d5)
Maven home: C:\Users\Dell\.m2\wrapper\dists\apache-maven-3.9.16\0daed3be3ebd1c706f0e69e8b07c6b73f5cc4ea3dfce72a8d0ec2e849ca2ddb0
Java version: 26.0.1, vendor: Oracle Corporation, runtime: C:\Program Files\Java\jdk-26.0.1
Default locale: en_IN, platform encoding: UTF-8
OS name: "windows 11", version: "10.0", arch: "amd64", family: "windows"
[DEBUG] Created new class realm maven.api
[DEBUG] Importing foreign packages into class realm maven.api
[DEBUG]   Imported: javax.annotation.* < plexus.core
[DEBUG]   Imported: javax.annotation.security.* < plexus.core
[DEBUG]   Imported: javax.inject.* < plexus.core
[DEBUG]   Imported: org.apache.maven.* < plexus.core
[DEBUG]   Imported: org.apache.maven.artifact < plexus.core
[DEBUG]   Imported: org.apache.maven.classrealm < plexus.core
[DEBUG]   Imported: org.apache.maven.cli < plexus.core
[DEBUG]   Imported: org.apache.maven.configuration < plexus.core
[DEBUG]   Imported: org.apache.maven.exception < plexus.core
[DEBUG]   Imported: org.apache.maven.execution < plexus.core
[DEBUG]   Imported: org.apache.maven.execution.scope < plexus.core
[DEBUG]   Imported: org.apache.maven.graph < plexus.core
[DEBUG]   Imported: org.apache.maven.lifecycle < plexus.core
[DEBUG]   Imported: org.apache.maven.model < plexus.core
[DEBUG]   Imported: org.apache.maven.monitor < plexus.core
[DEBUG]   Imported: org.apache.maven.plugin < plexus.core
[DEBUG]   Imported: org.apache.maven.profiles < plexus.core
[DEBUG]   Imported: org.apache.maven.project < plexus.core
[DEBUG]   Imported: org.apache.maven.reporting < plexus.core
[DEBUG]   Imported: org.apache.maven.repository < plexus.core
[DEBUG]   Imported: org.apache.maven.rtinfo < plexus.core
[DEBUG]   Imported: org.apache.maven.settings < plexus.core
[DEBUG]   Imported: org.apache.maven.toolchain < plexus.core
[DEBUG]   Imported: org.apache.maven.usability < plexus.core
[DEBUG]   Imported: org.apache.maven.wagon.* < plexus.core
[DEBUG]   Imported: org.apache.maven.wagon.authentication < plexus.core
[DEBUG]   Imported: org.apache.maven.wagon.authorization < plexus.core
[DEBUG]   Imported: org.apache.maven.wagon.events < plexus.core
[DEBUG]   Imported: org.apache.maven.wagon.observers < plexus.core
[DEBUG]   Imported: org.apache.maven.wagon.proxy < plexus.core
[DEBUG]   Imported: org.apache.maven.wagon.repository < plexus.core
[DEBUG]   Imported: org.apache.maven.wagon.resource < plexus.core
[DEBUG]   Imported: org.codehaus.classworlds < plexus.core
[DEBUG]   Imported: org.codehaus.plexus.* < plexus.core
[DEBUG]   Imported: org.codehaus.plexus.classworlds < plexus.core
[DEBUG]   Imported: org.codehaus.plexus.component < plexus.core
[DEBUG]   Imported: org.codehaus.plexus.configuration < plexus.core
[DEBUG]   Imported: org.codehaus.plexus.container < plexus.core
[DEBUG]   Imported: org.codehaus.plexus.context < plexus.core
[DEBUG]   Imported: org.codehaus.plexus.lifecycle < plexus.core
[DEBUG]   Imported: org.codehaus.plexus.logging < plexus.core
[DEBUG]   Imported: org.codehaus.plexus.personality < plexus.core
[DEBUG]   Imported: org.codehaus.plexus.util.xml.Xpp3Dom < plexus.core
[DEBUG]   Imported: org.codehaus.plexus.util.xml.pull.XmlPullParser < plexus.core
[DEBUG]   Imported: org.codehaus.plexus.util.xml.pull.XmlPullParserException < plexus.core
[DEBUG]   Imported: org.codehaus.plexus.util.xml.pull.XmlSerializer < plexus.core
[DEBUG]   Imported: org.eclipse.aether.* < plexus.core
[DEBUG]   Imported: org.eclipse.aether.artifact < plexus.core
[DEBUG]   Imported: org.eclipse.aether.collection < plexus.core
[DEBUG]   Imported: org.eclipse.aether.deployment < plexus.core
[DEBUG]   Imported: org.eclipse.aether.graph < plexus.core
[DEBUG]   Imported: org.eclipse.aether.impl < plexus.core
[DEBUG]   Imported: org.eclipse.aether.installation < plexus.core
[DEBUG]   Imported: org.eclipse.aether.internal.impl < plexus.core
[DEBUG]   Imported: org.eclipse.aether.metadata < plexus.core
[DEBUG]   Imported: org.eclipse.aether.repository < plexus.core
[DEBUG]   Imported: org.eclipse.aether.resolution < plexus.core
[DEBUG]   Imported: org.eclipse.aether.spi < plexus.core
[DEBUG]   Imported: org.eclipse.aether.transfer < plexus.core
[DEBUG]   Imported: org.eclipse.aether.util < plexus.core
[DEBUG]   Imported: org.eclipse.aether.version < plexus.core
[DEBUG]   Imported: org.fusesource.jansi.* < plexus.core
[DEBUG]   Imported: org.slf4j.* < plexus.core
[DEBUG]   Imported: org.slf4j.event.* < plexus.core
[DEBUG]   Imported: org.slf4j.helpers.* < plexus.core
[DEBUG]   Imported: org.slf4j.spi.* < plexus.core
[DEBUG] Populating class realm maven.api
[DEBUG] Created adapter factory; available factories [file-lock, rwlock-local, semaphore-local, noop]; available name mappers [discriminating, file-gaecv, file-gav, file-hgaecv, file-hgav, file-static, gaecv, gav, static]
[INFO] Error stacktraces are turned on.
[DEBUG] Message scheme: color
[DEBUG] Message styles: debug info warning error success failure strong mojo project
[DEBUG] Reading global settings from C:\Users\Dell\.m2\wrapper\dists\apache-maven-3.9.16\0daed3be3ebd1c706f0e69e8b07c6b73f5cc4ea3dfce72a8d0ec2e849ca2ddb0\conf\settings.xml
[DEBUG] Reading user settings from C:\Users\Dell\.m2\settings.xml
[DEBUG] Reading global toolchains from C:\Users\Dell\.m2\wrapper\dists\apache-maven-3.9.16\0daed3be3ebd1c706f0e69e8b07c6b73f5cc4ea3dfce72a8d0ec2e849ca2ddb0\conf\toolchains.xml
[DEBUG] Reading user toolchains from C:\Users\Dell\.m2\toolchains.xml
[DEBUG] Using local repository at C:\Users\Dell\.m2\repository
[DEBUG] Using manager EnhancedLocalRepositoryManager with priority 10.0 for C:\Users\Dell\.m2\repository
[INFO] Scanning for projects...
[DEBUG] Creating adapter using nameMapper 'gaecv' and factory 'rwlock-local'
[DEBUG] Extension realms for project com.aeropelican:product-service:war:0.0.1-SNAPSHOT: (none)
[DEBUG] Looking up lifecycle mappings for packaging war from ClassRealm[plexus.core, parent: null]
[DEBUG] Extension realms for project org.springframework.boot:spring-boot-starter-parent:pom:4.0.7: (none)
[DEBUG] Looking up lifecycle mappings for packaging pom from ClassRealm[plexus.core, parent: null]
[DEBUG] Extension realms for project org.springframework.boot:spring-boot-dependencies:pom:4.0.7: (none)
[DEBUG] Looking up lifecycle mappings for packaging pom from ClassRealm[plexus.core, parent: null]
[DEBUG] === REACTOR BUILD PLAN ================================================
[DEBUG] Project: com.aeropelican:product-service:war:0.0.1-SNAPSHOT
[DEBUG] Tasks:   [clean, compile]
[DEBUG] Style:   Regular
[DEBUG] =======================================================================
[INFO] 
[INFO] ------------------< com.aeropelican:product-service >-------------------
[INFO] Building product-service 0.0.1-SNAPSHOT
[INFO]   from pom.xml
[INFO] --------------------------------[ war ]---------------------------------
[DEBUG] Lifecycle clean -> [pre-clean, clean, post-clean]
[DEBUG] Lifecycle default -> [validate, initialize, generate-sources, process-sources, generate-resources, process-resources, compile, process-classes, generate-test-sources, process-test-sources, generate-test-resources, process-test-resources, test-compile, process-test-classes, test, prepare-package, package, pre-integration-test, integration-test, post-integration-test, verify, install, deploy]
[DEBUG] Lifecycle site -> [pre-site, site, post-site, site-deploy]
[DEBUG] Lifecycle clean -> [pre-clean, clean, post-clean]
[DEBUG] Lifecycle default -> [validate, initialize, generate-sources, process-sources, generate-resources, process-resources, compile, process-classes, generate-test-sources, process-test-sources, generate-test-resources, process-test-resources, test-compile, process-test-classes, test, prepare-package, package, pre-integration-test, integration-test, post-integration-test, verify, install, deploy]
[DEBUG] Lifecycle site -> [pre-site, site, post-site, site-deploy]
[DEBUG] Lifecycle clean -> [pre-clean, clean, post-clean]
[DEBUG] Lifecycle default -> [validate, initialize, generate-sources, process-sources, generate-resources, process-resources, compile, process-classes, generate-test-sources, process-test-sources, generate-test-resources, process-test-resources, test-compile, process-test-classes, test, prepare-package, package, pre-integration-test, integration-test, post-integration-test, verify, install, deploy]
[DEBUG] Lifecycle site -> [pre-site, site, post-site, site-deploy]
[DEBUG] Lifecycle clean -> [pre-clean, clean, post-clean]
[DEBUG] Lifecycle default -> [validate, initialize, generate-sources, process-sources, generate-resources, process-resources, compile, process-classes, generate-test-sources, process-test-sources, generate-test-resources, process-test-resources, test-compile, process-test-classes, test, prepare-package, package, pre-integration-test, integration-test, post-integration-test, verify, install, deploy]
[DEBUG] Lifecycle site -> [pre-site, site, post-site, site-deploy]
[DEBUG] Lifecycle clean -> [pre-clean, clean, post-clean]
[DEBUG] Lifecycle default -> [validate, initialize, generate-sources, process-sources, generate-resources, process-resources, compile, process-classes, generate-test-sources, process-test-sources, generate-test-resources, process-test-resources, test-compile, process-test-classes, test, prepare-package, package, pre-integration-test, integration-test, post-integration-test, verify, install, deploy]
[DEBUG] Lifecycle site -> [pre-site, site, post-site, site-deploy]
[DEBUG] === PROJECT BUILD PLAN ================================================
[DEBUG] Project:       com.aeropelican:product-service:0.0.1-SNAPSHOT
[DEBUG] Dependencies (collect): []
[DEBUG] Dependencies (resolve): [compile]
[DEBUG] Repositories (dependencies): [central (https://repo.maven.apache.org/maven2, default, releases)]
[DEBUG] Repositories (plugins)     : [central (https://repo.maven.apache.org/maven2, default, releases)]
[DEBUG] -----------------------------------------------------------------------
[DEBUG] Goal:          org.apache.maven.plugins:maven-clean-plugin:3.5.0:clean (default-clean)
[DEBUG] Style:         Regular
[DEBUG] Configuration: <?xml version="1.0" encoding="UTF-8"?>
<configuration>
  <directory default-value="${project.build.directory}"/>
  <excludeDefaultDirectories default-value="false">${maven.clean.excludeDefaultDirectories}</excludeDefaultDirectories>
  <failOnError default-value="true">${maven.clean.failOnError}</failOnError>
  <fast default-value="false">${maven.clean.fast}</fast>
  <fastDir>${maven.clean.fastDir}</fastDir>
  <fastMode default-value="background">${maven.clean.fastMode}</fastMode>
  <followSymLinks default-value="false">${maven.clean.followSymLinks}</followSymLinks>
  <force default-value="false">${maven.clean.force}</force>
  <outputDirectory default-value="${project.build.outputDirectory}"/>
  <reportDirectory default-value="${project.build.outputDirectory}"/>
  <retryOnError default-value="true">${maven.clean.retryOnError}</retryOnError>
  <session default-value="${session}"/>
  <skip default-value="false">${maven.clean.skip}</skip>
  <testOutputDirectory default-value="${project.build.testOutputDirectory}"/>
  <verbose>${maven.clean.verbose}</verbose>
</configuration>
[DEBUG] -----------------------------------------------------------------------
[DEBUG] Goal:          org.apache.maven.plugins:maven-resources-plugin:3.3.1:resources (default-resources)
[DEBUG] Style:         Regular
[DEBUG] Configuration: <?xml version="1.0" encoding="UTF-8"?>
<configuration>
  <addDefaultExcludes default-value="true"/>
  <buildFilters default-value="${project.build.filters}"/>
  <delimiters>
    <delimiter>@</delimiter>
  </delimiters>
  <encoding default-value="${project.build.sourceEncoding}"/>
  <escapeWindowsPaths default-value="true"/>
  <fileNameFiltering default-value="false"/>
  <includeEmptyDirs default-value="false"/>
  <outputDirectory default-value="${project.build.outputDirectory}"/>
  <overwrite default-value="false"/>
  <project default-value="${project}"/>
  <propertiesEncoding>UTF-8</propertiesEncoding>
  <resources default-value="${project.resources}"/>
  <session default-value="${session}"/>
  <skip default-value="false">${maven.resources.skip}</skip>
  <supportMultiLineFiltering default-value="false"/>
  <useBuildFilters default-value="true"/>
  <useDefaultDelimiters default-value="true">false</useDefaultDelimiters>
</configuration>
[DEBUG] -----------------------------------------------------------------------
[DEBUG] Goal:          org.apache.maven.plugins:maven-compiler-plugin:3.14.1:compile (default-compile)
[DEBUG] Style:         Regular
[DEBUG] Configuration: <?xml version="1.0" encoding="UTF-8"?>
<configuration>
  <annotationProcessorPathsUseDepMgmt default-value="false"/>
  <basedir default-value="${basedir}"/>
  <buildDirectory default-value="${project.build.directory}"/>
  <compilePath default-value="${project.compileClasspathElements}"/>
  <compileSourceRoots default-value="${project.compileSourceRoots}"/>
  <compilerId default-value="javac">${maven.compiler.compilerId}</compilerId>
  <compilerReuseStrategy default-value="${reuseCreated}">${maven.compiler.compilerReuseStrategy}</compilerReuseStrategy>
  <compilerVersion>${maven.compiler.compilerVersion}</compilerVersion>
  <createMissingPackageInfoClass default-value="true">${maven.compiler.createMissingPackageInfoClass}</createMissingPackageInfoClass>
  <debug default-value="true">${maven.compiler.debug}</debug>
  <debugFileName default-value="javac"/>
  <debuglevel>${maven.compiler.debuglevel}</debuglevel>
  <enablePreview default-value="false">${maven.compiler.enablePreview}</enablePreview>
  <encoding default-value="${project.build.sourceEncoding}">${encoding}</encoding>
  <executable>${maven.compiler.executable}</executable>
  <failOnError default-value="true">${maven.compiler.failOnError}</failOnError>
  <failOnWarning default-value="false">${maven.compiler.failOnWarning}</failOnWarning>
  <fileExtensions default-value="class,jar"/>
  <forceJavacCompilerUse default-value="false">${maven.compiler.forceJavacCompilerUse}</forceJavacCompilerUse>
  <forceLegacyJavacApi default-value="false">${maven.compiler.forceLegacyJavacApi}</forceLegacyJavacApi>
  <fork default-value="false">${maven.compiler.fork}</fork>
  <generatedSourcesDirectory default-value="${project.build.directory}/generated-sources/annotations"/>
  <implicit>${maven.compiler.implicit}</implicit>
  <maxmem>${maven.compiler.maxmem}</maxmem>
  <meminitial>${maven.compiler.meminitial}</meminitial>
  <moduleVersion default-value="${project.version}">${maven.compiler.moduleVersion}</moduleVersion>
  <mojoExecution default-value="${mojoExecution}"/>
  <optimize default-value="false">${maven.compiler.optimize}</optimize>
  <outputDirectory default-value="${project.build.outputDirectory}">${maven.compiler.outputDirectory}</outputDirectory>
  <outputTimestamp default-value="${project.build.outputTimestamp}"/>
  <parameters default-value="false">true</parameters>
  <proc>${maven.compiler.proc}</proc>
  <project default-value="${project}"/>
  <projectArtifact default-value="${project.artifact}"/>
  <release>${maven.compiler.release}</release>
  <session default-value="${session}"/>
  <showCompilationChanges default-value="false">${maven.compiler.showCompilationChanges}</showCompilationChanges>
  <showDeprecation default-value="false">${maven.compiler.showDeprecation}</showDeprecation>
  <showWarnings default-value="true">${maven.compiler.showWarnings}</showWarnings>
  <skipMain>${maven.main.skip}</skipMain>
  <skipMultiThreadWarning default-value="false">${maven.compiler.skipMultiThreadWarning}</skipMultiThreadWarning>
  <source default-value="1.8">${maven.compiler.source}</source>
  <staleMillis default-value="0">${lastModGranularityMs}</staleMillis>
  <target default-value="1.8">${maven.compiler.target}</target>
  <useIncrementalCompilation default-value="true">${maven.compiler.useIncrementalCompilation}</useIncrementalCompilation>
  <useModuleVersion default-value="true">${maven.compiler.useModuleVersion}</useModuleVersion>
  <verbose default-value="false">${maven.compiler.verbose}</verbose>
</configuration>
[DEBUG] =======================================================================
[DEBUG] Dependency collection stats {ConflictMarker.analyzeTime=1642100, ConflictMarker.markTime=829200, ConflictMarker.nodeCount=173, ConflictIdSorter.graphTime=1116600, ConflictIdSorter.topsortTime=665500, ConflictIdSorter.conflictIdCount=86, ConflictIdSorter.conflictIdCycleCount=0, ConflictResolver.totalTime=15000800, ConflictResolver.conflictItemCount=170, DfDependencyCollector.collectTime=822994900, DfDependencyCollector.transformTime=21866000}
[DEBUG] com.aeropelican:product-service:war:0.0.1-SNAPSHOT
[DEBUG]    org.springframework.boot:spring-boot-starter-web:jar:4.0.7:compile
[DEBUG]       org.springframework.boot:spring-boot-starter-jackson:jar:4.0.7:compile (version managed from 4.0.7)
[DEBUG]          org.springframework.boot:spring-boot-jackson:jar:4.0.7:compile (version managed from 4.0.7)
[DEBUG]             tools.jackson.core:jackson-databind:jar:3.1.4:compile (version managed from 3.1.4)
[DEBUG]                com.fasterxml.jackson.core:jackson-annotations:jar:2.21:compile (version managed from 2.21)
[DEBUG]                tools.jackson.core:jackson-core:jar:3.1.4:compile (version managed from 3.1.4)
[DEBUG]       org.springframework.boot:spring-boot-starter-tomcat:jar:4.0.7:compile (version managed from 4.0.7)
[DEBUG]          org.springframework.boot:spring-boot-starter-tomcat-runtime:jar:4.0.7:compile (version managed from 4.0.7)
[DEBUG]             org.springframework.boot:spring-boot-web-server:jar:4.0.7:compile (version managed from 4.0.7)
[DEBUG]             org.apache.tomcat.embed:tomcat-embed-core:jar:11.0.22:compile (version managed from 11.0.22)
[DEBUG]             org.apache.tomcat.embed:tomcat-embed-websocket:jar:11.0.22:compile (version managed from 11.0.22)
[DEBUG]          org.springframework.boot:spring-boot-tomcat:jar:4.0.7:compile (version managed from 4.0.7)
[DEBUG]       org.springframework.boot:spring-boot-http-converter:jar:4.0.7:compile (version managed from 4.0.7)
[DEBUG]          org.springframework:spring-web:jar:7.0.8:compile (version managed from 7.0.8)
[DEBUG]             org.springframework:spring-beans:jar:7.0.8:compile (version managed from 7.0.8)
[DEBUG]             io.micrometer:micrometer-observation:jar:1.16.6:compile (version managed from 1.16.6)
[DEBUG]                io.micrometer:micrometer-commons:jar:1.16.6:compile (version managed from 1.16.6)
[DEBUG]       org.springframework.boot:spring-boot-webmvc:jar:4.0.7:compile (version managed from 4.0.7)
[DEBUG]          org.springframework.boot:spring-boot-servlet:jar:4.0.7:compile (version managed from 4.0.7)
[DEBUG]          org.springframework:spring-webmvc:jar:7.0.8:compile (version managed from 7.0.8)
[DEBUG]             org.springframework:spring-aop:jar:7.0.8:compile (version managed from 7.0.8)
[DEBUG]             org.springframework:spring-expression:jar:7.0.8:compile (version managed from 7.0.8)
[DEBUG]    org.springframework.boot:spring-boot-starter-validation:jar:4.0.7:compile
[DEBUG]       org.springframework.boot:spring-boot-starter:jar:4.0.7:compile (version managed from 4.0.7)
[DEBUG]          org.springframework.boot:spring-boot-starter-logging:jar:4.0.7:compile (version managed from 4.0.7)
[DEBUG]             ch.qos.logback:logback-classic:jar:1.5.34:compile (version managed from 1.5.34)
[DEBUG]                ch.qos.logback:logback-core:jar:1.5.34:compile (version managed from 1.5.34)
[DEBUG]             org.apache.logging.log4j:log4j-to-slf4j:jar:2.25.4:compile (version managed from 2.25.4)
[DEBUG]                org.apache.logging.log4j:log4j-api:jar:2.25.4:compile (version managed from 2.25.4)
[DEBUG]             org.slf4j:jul-to-slf4j:jar:2.0.18:compile (version managed from 2.0.18)
[DEBUG]          jakarta.annotation:jakarta.annotation-api:jar:3.0.0:compile (version managed from 3.0.0)
[DEBUG]          org.yaml:snakeyaml:jar:2.5:compile (version managed from 2.5)
[DEBUG]       org.springframework.boot:spring-boot-validation:jar:4.0.7:compile (version managed from 4.0.7)
[DEBUG]          org.apache.tomcat.embed:tomcat-embed-el:jar:11.0.22:compile (version managed from 11.0.22)
[DEBUG]          org.hibernate.validator:hibernate-validator:jar:9.0.1.Final:compile (version managed from 9.0.1.Final)
[DEBUG]             jakarta.validation:jakarta.validation-api:jar:3.1.1:compile (version managed from 3.1.1)
[DEBUG]             org.jboss.logging:jboss-logging:jar:3.6.3.Final:compile (version managed from 3.6.1.Final)
[DEBUG]             com.fasterxml:classmate:jar:1.7.3:compile (version managed from 1.7.0)
[DEBUG]    org.springframework.boot:spring-boot-starter-data-jpa:jar:4.0.7:compile
[DEBUG]       org.springframework.boot:spring-boot-starter-jdbc:jar:4.0.7:compile (version managed from 4.0.7)
[DEBUG]          com.zaxxer:HikariCP:jar:7.0.2:compile (version managed from 7.0.2)
[DEBUG]             org.slf4j:slf4j-api:jar:2.0.18:compile (version managed from 2.0.17)
[DEBUG]       org.springframework.boot:spring-boot-data-jpa:jar:4.0.7:compile (version managed from 4.0.7)
[DEBUG]          org.springframework.boot:spring-boot-data-commons:jar:4.0.7:compile (version managed from 4.0.7)
[DEBUG]             org.springframework.boot:spring-boot-persistence:jar:4.0.7:compile (version managed from 4.0.7)
[DEBUG]             org.springframework.data:spring-data-commons:jar:4.0.6:compile (version managed from 4.0.6)
[DEBUG]          org.springframework.boot:spring-boot-hibernate:jar:4.0.7:compile (version managed from 4.0.7)
[DEBUG]             org.springframework.boot:spring-boot-jpa:jar:4.0.7:compile (version managed from 4.0.7)
[DEBUG]                jakarta.persistence:jakarta.persistence-api:jar:3.2.0:compile (version managed from 3.2.0)
[DEBUG]             org.hibernate.orm:hibernate-core:jar:7.2.19.Final:compile (version managed from 7.2.19.Final)
[DEBUG]                jakarta.transaction:jakarta.transaction-api:jar:2.0.1:compile (version managed from 2.0.1)
[DEBUG]                org.hibernate.models:hibernate-models:jar:1.0.1:runtime
[DEBUG]                net.bytebuddy:byte-buddy:jar:1.17.8:runtime (version managed from 1.17.8)
[DEBUG]                jakarta.xml.bind:jakarta.xml.bind-api:jar:4.0.5:runtime (version managed from 4.0.4)
[DEBUG]                   jakarta.activation:jakarta.activation-api:jar:2.1.4:runtime (version managed from 2.1.4)
[DEBUG]                org.glassfish.jaxb:jaxb-runtime:jar:4.0.9:runtime (version managed from 4.0.6)
[DEBUG]                   org.glassfish.jaxb:jaxb-core:jar:4.0.9:runtime (version managed from 4.0.9)
[DEBUG]                      org.eclipse.angus:angus-activation:jar:2.0.3:runtime
[DEBUG]                      org.glassfish.jaxb:txw2:jar:4.0.9:runtime (version managed from 4.0.9)
[DEBUG]                      com.sun.istack:istack-commons-runtime:jar:4.1.2:runtime
[DEBUG]                jakarta.inject:jakarta.inject-api:jar:2.0.1:runtime (version managed from 2.0.1)
[DEBUG]             org.springframework:spring-orm:jar:7.0.8:compile (version managed from 7.0.8)
[DEBUG]          org.springframework.data:spring-data-jpa:jar:4.0.6:compile (version managed from 4.0.6)
[DEBUG]             org.springframework:spring-tx:jar:7.0.8:compile (version managed from 7.0.8)
[DEBUG]             org.antlr:antlr4-runtime:jar:4.13.2:compile
[DEBUG]          org.springframework:spring-aspects:jar:7.0.8:compile (version managed from 7.0.8)
[DEBUG]             org.aspectj:aspectjweaver:jar:1.9.25.1:compile (version managed from 1.9.25)
[DEBUG]       org.springframework.boot:spring-boot-jdbc:jar:4.0.7:compile (version managed from 4.0.7)
[DEBUG]          org.springframework.boot:spring-boot-sql:jar:4.0.7:compile (version managed from 4.0.7)
[DEBUG]          org.springframework.boot:spring-boot-transaction:jar:4.0.7:compile (version managed from 4.0.7)
[DEBUG]          org.springframework:spring-jdbc:jar:7.0.8:compile (version managed from 7.0.8)
[DEBUG]    com.mysql:mysql-connector-j:jar:9.7.0:runtime (exclusions managed from [com.google.protobuf:protobuf-java:*:*])
[DEBUG]    org.projectlombok:lombok:jar:1.18.46:compile (optional)
[DEBUG]    org.springframework.boot:spring-boot-starter-thymeleaf:jar:4.0.7:compile
[DEBUG]       org.springframework.boot:spring-boot-thymeleaf:jar:4.0.7:compile (version managed from 4.0.7)
[DEBUG]          org.thymeleaf:thymeleaf-spring6:jar:3.1.5.RELEASE:compile (version managed from 3.1.5.RELEASE)
[DEBUG]             org.thymeleaf:thymeleaf:jar:3.1.5.RELEASE:compile (version managed from 3.1.5.RELEASE)
[DEBUG]                org.attoparser:attoparser:jar:2.0.7.RELEASE:compile
[DEBUG]                org.unbescape:unbescape:jar:1.1.6.RELEASE:compile
[DEBUG]    org.springframework.boot:spring-boot-devtools:jar:4.0.7:runtime (optional)
[DEBUG]       org.springframework.boot:spring-boot:jar:4.0.7:compile (version managed from 4.0.7)
[DEBUG]          org.springframework:spring-core:jar:7.0.8:compile (version managed from 7.0.8)
[DEBUG]             commons-logging:commons-logging:jar:1.3.6:compile (version managed from 1.3.5)
[DEBUG]             org.jspecify:jspecify:jar:1.0.0:compile (version managed from 1.0.0)
[DEBUG]          org.springframework:spring-context:jar:7.0.8:compile (version managed from 7.0.8)
[DEBUG]       org.springframework.boot:spring-boot-autoconfigure:jar:4.0.7:compile (version managed from 4.0.7)
[INFO] 
[INFO] --- clean:3.5.0:clean (default-clean) @ product-service ---
[DEBUG] Dependency collection stats {ConflictMarker.analyzeTime=52400, ConflictMarker.markTime=129900, ConflictMarker.nodeCount=2, ConflictIdSorter.graphTime=87400, ConflictIdSorter.topsortTime=14100, ConflictIdSorter.conflictIdCount=2, ConflictIdSorter.conflictIdCycleCount=0, ConflictResolver.totalTime=142700, ConflictResolver.conflictItemCount=2, DfDependencyCollector.collectTime=13100300, DfDependencyCollector.transformTime=449400}
[DEBUG] org.apache.maven.plugins:maven-clean-plugin:jar:3.5.0
[DEBUG]    org.codehaus.plexus:plexus-utils:jar:4.0.2:compile
[DEBUG] Created new class realm plugin>org.apache.maven.plugins:maven-clean-plugin:3.5.0
[DEBUG] Importing foreign packages into class realm plugin>org.apache.maven.plugins:maven-clean-plugin:3.5.0
[DEBUG]   Imported:  < maven.api
[DEBUG] Populating class realm plugin>org.apache.maven.plugins:maven-clean-plugin:3.5.0
[DEBUG]   Included: org.apache.maven.plugins:maven-clean-plugin:jar:3.5.0
[DEBUG]   Included: org.codehaus.plexus:plexus-utils:jar:4.0.2
[DEBUG] Loading mojo org.apache.maven.plugins:maven-clean-plugin:3.5.0:clean from plugin realm ClassRealm[plugin>org.apache.maven.plugins:maven-clean-plugin:3.5.0, parent: jdk.internal.loader.ClassLoaders$AppClassLoader@5bc2b487]
[DEBUG] Configuring mojo execution 'org.apache.maven.plugins:maven-clean-plugin:3.5.0:clean:default-clean' with basic configurator -->
[DEBUG]   (f) directory = C:\Users\Dell\IdeaProjects\Product-Service\product-service\target
[DEBUG]   (f) excludeDefaultDirectories = false
[DEBUG]   (f) failOnError = true
[DEBUG]   (f) fast = false
[DEBUG]   (f) fastMode = background
[DEBUG]   (f) followSymLinks = false
[DEBUG]   (f) force = false
[DEBUG]   (f) outputDirectory = C:\Users\Dell\IdeaProjects\Product-Service\product-service\target\classes
[DEBUG]   (f) reportDirectory = C:\Users\Dell\IdeaProjects\Product-Service\product-service\target\classes
[DEBUG]   (f) retryOnError = true
[DEBUG]   (f) session = org.apache.maven.execution.MavenSession@56da7487
[DEBUG]   (f) skip = false
[DEBUG]   (f) testOutputDirectory = C:\Users\Dell\IdeaProjects\Product-Service\product-service\target\test-classes
[DEBUG] -- end configuration --
[DEBUG] Skipping non-existing directory C:\Users\Dell\IdeaProjects\Product-Service\product-service\target
[DEBUG] Skipping non-existing directory C:\Users\Dell\IdeaProjects\Product-Service\product-service\target\classes
[DEBUG] Skipping non-existing directory C:\Users\Dell\IdeaProjects\Product-Service\product-service\target\test-classes
[DEBUG] Skipping non-existing directory C:\Users\Dell\IdeaProjects\Product-Service\product-service\target\classes
[INFO] 
[INFO] --- resources:3.3.1:resources (default-resources) @ product-service ---
[DEBUG] Dependency collection stats {ConflictMarker.analyzeTime=72000, ConflictMarker.markTime=50300, ConflictMarker.nodeCount=13, ConflictIdSorter.graphTime=58300, ConflictIdSorter.topsortTime=24000, ConflictIdSorter.conflictIdCount=9, ConflictIdSorter.conflictIdCycleCount=0, ConflictResolver.totalTime=374800, ConflictResolver.conflictItemCount=13, DfDependencyCollector.collectTime=116300800, DfDependencyCollector.transformTime=606400}
[DEBUG] org.apache.maven.plugins:maven-resources-plugin:jar:3.3.1
[DEBUG]    org.codehaus.plexus:plexus-interpolation:jar:1.26:runtime
[DEBUG]    org.codehaus.plexus:plexus-utils:jar:3.5.1:compile
[DEBUG]    org.apache.maven.shared:maven-filtering:jar:3.3.1:compile
[DEBUG]       javax.inject:javax.inject:jar:1:compile
[DEBUG]       org.slf4j:slf4j-api:jar:1.7.36:compile
[DEBUG]       org.sonatype.plexus:plexus-build-api:jar:0.0.7:compile
[DEBUG]    commons-io:commons-io:jar:2.11.0:compile
[DEBUG]    org.apache.commons:commons-lang3:jar:3.12.0:compile
[DEBUG] Created new class realm plugin>org.apache.maven.plugins:maven-resources-plugin:3.3.1
[DEBUG] Importing foreign packages into class realm plugin>org.apache.maven.plugins:maven-resources-plugin:3.3.1
[DEBUG]   Imported:  < maven.api
[DEBUG] Populating class realm plugin>org.apache.maven.plugins:maven-resources-plugin:3.3.1
[DEBUG]   Included: org.apache.maven.plugins:maven-resources-plugin:jar:3.3.1
[DEBUG]   Included: org.codehaus.plexus:plexus-interpolation:jar:1.26
[DEBUG]   Included: org.codehaus.plexus:plexus-utils:jar:3.5.1
[DEBUG]   Included: org.apache.maven.shared:maven-filtering:jar:3.3.1
[DEBUG]   Included: org.sonatype.plexus:plexus-build-api:jar:0.0.7
[DEBUG]   Included: commons-io:commons-io:jar:2.11.0
[DEBUG]   Included: org.apache.commons:commons-lang3:jar:3.12.0
[DEBUG] Loading mojo org.apache.maven.plugins:maven-resources-plugin:3.3.1:resources from plugin realm ClassRealm[plugin>org.apache.maven.plugins:maven-resources-plugin:3.3.1, parent: jdk.internal.loader.ClassLoaders$AppClassLoader@5bc2b487]
[DEBUG] Configuring mojo execution 'org.apache.maven.plugins:maven-resources-plugin:3.3.1:resources:default-resources' with basic configurator -->
[DEBUG]   (f) addDefaultExcludes = true
[DEBUG]   (f) buildFilters = []
[DEBUG]   (s) delimiters = [@]
[DEBUG]   (f) encoding = UTF-8
[DEBUG]   (f) escapeWindowsPaths = true
[DEBUG]   (f) fileNameFiltering = false
[DEBUG]   (s) includeEmptyDirs = false
[DEBUG]   (s) outputDirectory = C:\Users\Dell\IdeaProjects\Product-Service\product-service\target\classes
[DEBUG]   (s) overwrite = false
[DEBUG]   (f) project = MavenProject: com.aeropelican:product-service:0.0.1-SNAPSHOT @ C:\Users\Dell\IdeaProjects\Product-Service\product-service\pom.xml
[DEBUG]   (f) propertiesEncoding = UTF-8
[DEBUG]   (s) resources = [Resource {targetPath: null, filtering: true, FileSet {directory: C:\Users\Dell\IdeaProjects\Product-Service\product-service\src\main\resources, PatternSet [includes: {**/application*.yml, **/application*.yaml, **/application*.properties}, excludes: {}]}}, Resource {targetPath: null, filtering: false, FileSet {directory: C:\Users\Dell\IdeaProjects\Product-Service\product-service\src\main\resources, PatternSet [includes: {}, excludes: {**/application*.yml, **/application*.yaml, **/application*.properties}]}}]
[DEBUG]   (f) session = org.apache.maven.execution.MavenSession@56da7487
[DEBUG]   (f) skip = false
[DEBUG]   (f) supportMultiLineFiltering = false
[DEBUG]   (f) useBuildFilters = true
[DEBUG]   (s) useDefaultDelimiters = false
[DEBUG] -- end configuration --
[DEBUG] properties used:
[DEBUG] activemq.version: 6.1.8
[DEBUG] angus-mail.version: 2.0.5
[DEBUG] artemis.version: 2.43.0
[DEBUG] aspectj.version: 1.9.25.1
[DEBUG] assertj.version: 3.27.7
[DEBUG] awaitility.version: 4.3.0
[DEBUG] brave.version: 6.3.1
[DEBUG] build-helper-maven-plugin.version: 3.6.1
[DEBUG] byte-buddy.version: 1.17.8
[DEBUG] cache2k.version: 2.6.1.Final
[DEBUG] caffeine.version: 3.2.4
[DEBUG] cassandra-driver.version: 4.19.3
[DEBUG] classmate.version: 1.7.3
[DEBUG] classworlds.conf: C:\Users\Dell\.m2\wrapper\dists\apache-maven-3.9.16\0daed3be3ebd1c706f0e69e8b07c6b73f5cc4ea3dfce72a8d0ec2e849ca2ddb0\bin\m2.conf
[DEBUG] commons-codec.version: 1.19.0
[DEBUG] commons-dbcp2.version: 2.13.0
[DEBUG] commons-lang3.version: 3.19.0
[DEBUG] commons-logging.version: 1.3.6
[DEBUG] commons-pool.version: 1.6
[DEBUG] commons-pool2.version: 2.12.1
[DEBUG] couchbase-client.version: 3.9.2
[DEBUG] crac.version: 1.5.0
[DEBUG] cyclonedx-maven-plugin.version: 2.9.1
[DEBUG] db2-jdbc.version: 12.1.4.0
[DEBUG] dependency-management-plugin.version: 1.1.7
[DEBUG] derby.version: 10.16.1.1
[DEBUG] ehcache3.version: 3.11.1
[DEBUG] elasticsearch-client.version: 9.2.8
[DEBUG] env.=::: ::\
[DEBUG] env.=C:: C:\Users\Dell\IdeaProjects\Product-Service\product-service
[DEBUG] env.=EXITCODE: 00000000
[DEBUG] env.ALLUSERSPROFILE: C:\ProgramData
[DEBUG] env.APPDATA: C:\Users\Dell\AppData\Roaming
[DEBUG] env.CLASSWORLDS_JAR: "C:\Users\Dell\.m2\wrapper\dists\apache-maven-3.9.16\0daed3be3ebd1c706f0e69e8b07c6b73f5cc4ea3dfce72a8d0ec2e849ca2ddb0\boot\plexus-classworlds-2.11.0.jar"
[DEBUG] env.CLASSWORLDS_LAUNCHER: org.codehaus.plexus.classworlds.launcher.Launcher
[DEBUG] env.COMMONPROGRAMFILES: C:\Program Files\Common Files
[DEBUG] env.COMMONPROGRAMFILES(X86): C:\Program Files (x86)\Common Files
[DEBUG] env.COMMONPROGRAMW6432: C:\Program Files\Common Files
[DEBUG] env.COMPUTERNAME: DESKTOP-4BJ1P6C
[DEBUG] env.COMSPEC: C:\Windows\system32\cmd.exe
[DEBUG] env.DRIVERDATA: C:\Windows\System32\Drivers\DriverData
[DEBUG] env.EFC_7760: 1
[DEBUG] env.ERROR_CODE: 0
[DEBUG] env.EXEC_DIR: C:\Users\Dell\IdeaProjects\Product-Service\product-service
[DEBUG] env.FPS_BROWSER_APP_PROFILE_STRING: Internet Explorer
[DEBUG] env.FPS_BROWSER_USER_PROFILE_STRING: Default
[DEBUG] env.HOMEDRIVE: C:
[DEBUG] env.HOMEPATH: \Users\Dell
[DEBUG] env.INTERNAL_MAVEN_OPTS: --enable-native-access=ALL-UNNAMED 
[DEBUG] env.JAVACMD: C:\Program Files\Common Files\Oracle\Java\javapath\java.exe
[DEBUG] env.JVMCONFIG: \.mvn\jvm.config
[DEBUG] env.LOCALAPPDATA: C:\Users\Dell\AppData\Local
[DEBUG] env.LOGONSERVER: \\DESKTOP-4BJ1P6C
[DEBUG] env.MAVEN_CMD_LINE_ARGS: clean compile -X
[DEBUG] env.MAVEN_HOME: C:\Users\Dell\.m2\wrapper\dists\apache-maven-3.9.16\0daed3be3ebd1c706f0e69e8b07c6b73f5cc4ea3dfce72a8d0ec2e849ca2ddb0
[DEBUG] env.MAVEN_PROJECTBASEDIR: C:\Users\Dell\IdeaProjects\Product-Service\product-service
[DEBUG] env.NUMBER_OF_PROCESSORS: 8
[DEBUG] env.ONEDRIVE: C:\Users\Dell\OneDrive
[DEBUG] env.OS: Windows_NT
[DEBUG] env.PATH: C:\Program Files\Common Files\Oracle\Java\javapath;C:\Windows\system32;C:\Windows;C:\Windows\System32\Wbem;C:\Windows\System32\WindowsPowerShell\v1.0\;C:\Windows\System32\OpenSSH\;C:\Program Files\Java\jdk-17\bin;C:\Program Files\Java\jdk-26.0.1\bin;C:\Program Files\MySQL\MySQL Server 8.0\bin;C:\Program Files\Git\cmd;C:\Program Files\MySQL\MySQL Shell 8.0\bin\;C:\Users\Dell\AppData\Local\Microsoft\WindowsApps;C:\Users\Dell\AppData\Local\GitHubDesktop\bin;C:\ProgramData\Dell\GitHubDesktop\bin
[DEBUG] env.PATHEXT: .COM;.EXE;.BAT;.CMD;.VBS;.VBE;.JS;.JSE;.WSF;.WSH;.MSC
[DEBUG] env.PROCESSOR_ARCHITECTURE: AMD64
[DEBUG] env.PROCESSOR_IDENTIFIER: AMD64 Family 23 Model 17 Stepping 0, AuthenticAMD
[DEBUG] env.PROCESSOR_LEVEL: 23
[DEBUG] env.PROCESSOR_REVISION: 1100
[DEBUG] env.PROGRAMDATA: C:\ProgramData
[DEBUG] env.PROGRAMFILES: C:\Program Files
[DEBUG] env.PROGRAMFILES(X86): C:\Program Files (x86)
[DEBUG] env.PROGRAMW6432: C:\Program Files
[DEBUG] env.PROMPT: $P$G
[DEBUG] env.PSMODULEPATH: C:\Program Files\WindowsPowerShell\Modules;C:\Windows\system32\WindowsPowerShell\v1.0\Modules
[DEBUG] env.PUBLIC: C:\Users\Public
[DEBUG] env.SESSIONNAME: Console
[DEBUG] env.SYSTEMDRIVE: C:
[DEBUG] env.SYSTEMROOT: C:\Windows
[DEBUG] env.TEMP: C:\Users\Dell\AppData\Local\Temp
[DEBUG] env.TMP: C:\Users\Dell\AppData\Local\Temp
[DEBUG] env.USERDOMAIN: DESKTOP-4BJ1P6C
[DEBUG] env.USERDOMAIN_ROAMINGPROFILE: DESKTOP-4BJ1P6C
[DEBUG] env.USERNAME: Dell
[DEBUG] env.USERPROFILE: C:\Users\Dell
[DEBUG] env.WDIR: C:\Users\Dell\IdeaProjects\Product-Service\product-service
[DEBUG] env.WINDIR: C:\Windows
[DEBUG] env.__MVNW_CMD__: C:\Users\Dell/.m2/wrapper/dists/apache-maven-3.9.16/0daed3be3ebd1c706f0e69e8b07c6b73f5cc4ea3dfce72a8d0ec2e849ca2ddb0/bin/mvn.cmd
[DEBUG] file.encoding: UTF-8
[DEBUG] file.separator: \
[DEBUG] flyway.version: 11.14.1
[DEBUG] freemarker.version: 2.3.34
[DEBUG] git-commit-id-maven-plugin.version: 9.0.2
[DEBUG] glassfish-jaxb.version: 4.0.9
[DEBUG] glassfish-jstl.version: 3.0.1
[DEBUG] graphql-java.version: 25.0
[DEBUG] groovy.version: 5.0.6
[DEBUG] gson.version: 2.13.2
[DEBUG] h2.version: 2.4.240
[DEBUG] hamcrest.version: 3.0
[DEBUG] hazelcast.version: 5.5.0
[DEBUG] hibernate-validator.version: 9.0.1.Final
[DEBUG] hibernate.version: 7.2.19.Final
[DEBUG] hikaricp.version: 7.0.2
[DEBUG] hsqldb.version: 2.7.3
[DEBUG] htmlunit.version: 4.17.0
[DEBUG] httpasyncclient.version: 4.1.5
[DEBUG] httpclient5.version: 5.5.2
[DEBUG] httpcore.version: 4.4.16
[DEBUG] httpcore5.version: 5.3.6
[DEBUG] infinispan.version: 15.2.6.Final
[DEBUG] influxdb-java.version: 2.25
[DEBUG] jackson-2-bom.version: 2.21.4
[DEBUG] jackson-bom.version: 3.1.4
[DEBUG] jakarta-activation.version: 2.1.4
[DEBUG] jakarta-annotation.version: 3.0.0
[DEBUG] jakarta-inject.version: 2.0.1
[DEBUG] jakarta-jms.version: 3.1.0
[DEBUG] jakarta-json-bind.version: 3.0.2
[DEBUG] jakarta-json.version: 2.1.3
[DEBUG] jakarta-mail.version: 2.1.5
[DEBUG] jakarta-management.version: 1.1.4
[DEBUG] jakarta-persistence.version: 3.2.0
[DEBUG] jakarta-servlet-jsp-jstl.version: 3.0.2
[DEBUG] jakarta-servlet.version: 6.1.0
[DEBUG] jakarta-transaction.version: 2.0.1
[DEBUG] jakarta-validation.version: 3.1.1
[DEBUG] jakarta-websocket.version: 2.2.0
[DEBUG] jakarta-ws-rs.version: 4.0.0
[DEBUG] jakarta-xml-bind.version: 4.0.5
[DEBUG] jakarta-xml-soap.version: 3.0.2
[DEBUG] jakarta-xml-ws.version: 4.0.3
[DEBUG] janino.version: 3.1.12
[DEBUG] java.class.path: C:\Users\Dell\.m2\wrapper\dists\apache-maven-3.9.16\0daed3be3ebd1c706f0e69e8b07c6b73f5cc4ea3dfce72a8d0ec2e849ca2ddb0\boot\plexus-classworlds-2.11.0.jar
[DEBUG] java.class.version: 70.0
[DEBUG] java.home: C:\Program Files\Java\jdk-26.0.1
[DEBUG] java.io.tmpdir: C:\Users\Dell\AppData\Local\Temp\
[DEBUG] java.library.path: C:\Program Files\Java\jdk-26.0.1\bin;C:\Windows\Sun\Java\bin;C:\Windows\system32;C:\Windows;C:\Program Files\Common Files\Oracle\Java\javapath;C:\Windows\system32;C:\Windows;C:\Windows\System32\Wbem;C:\Windows\System32\WindowsPowerShell\v1.0\;C:\Windows\System32\OpenSSH\;C:\Program Files\Java\jdk-17\bin;C:\Program Files\Java\jdk-26.0.1\bin;C:\Program Files\MySQL\MySQL Server 8.0\bin;C:\Program Files\Git\cmd;C:\Program Files\MySQL\MySQL Shell 8.0\bin\;C:\Users\Dell\AppData\Local\Microsoft\WindowsApps;C:\Users\Dell\AppData\Local\GitHubDesktop\bin;C:\ProgramData\Dell\GitHubDesktop\bin;.
[DEBUG] java.runtime.name: Java(TM) SE Runtime Environment
[DEBUG] java.runtime.version: 26.0.1+8-34
[DEBUG] java.specification.name: Java Platform API Specification
[DEBUG] java.specification.vendor: Oracle Corporation
[DEBUG] java.specification.version: 26
[DEBUG] java.vendor: Oracle Corporation
[DEBUG] java.vendor.url: https://java.oracle.com/
[DEBUG] java.vendor.url.bug: https://bugreport.java.com/bugreport/
[DEBUG] java.version: 26.0.1
[DEBUG] java.version.date: 2026-04-21
[DEBUG] java.vm.compressedOopsMode: 32-bit
[DEBUG] java.vm.info: mixed mode, sharing
[DEBUG] java.vm.name: Java HotSpot(TM) 64-Bit Server VM
[DEBUG] java.vm.specification.name: Java Virtual Machine Specification
[DEBUG] java.vm.specification.vendor: Oracle Corporation
[DEBUG] java.vm.specification.version: 26
[DEBUG] java.vm.vendor: Oracle Corporation
[DEBUG] java.vm.version: 26.0.1+8-34
[DEBUG] javax-cache.version: 1.1.1
[DEBUG] javax-money.version: 1.1
[DEBUG] jaxen.version: 2.0.6
[DEBUG] jaybird.version: 6.0.5
[DEBUG] jboss-logging.version: 3.6.3.Final
[DEBUG] jdk.debug: release
[DEBUG] jdom2.version: 2.0.6.1
[DEBUG] jedis.version: 7.0.0
[DEBUG] jersey.version: 4.0.2
[DEBUG] jetty-reactive-httpclient.version: 4.1.5
[DEBUG] jetty.version: 12.1.10
[DEBUG] jmustache.version: 1.16
[DEBUG] jooq.version: 3.19.35
[DEBUG] json-path.version: 2.10.0
[DEBUG] json-smart.version: 2.6.0
[DEBUG] jsonassert.version: 1.5.3
[DEBUG] jspecify.version: 1.0.0
[DEBUG] jtds.version: 1.3.1
[DEBUG] junit-jupiter.version: 6.0.3
[DEBUG] junit.version: 4.13.2
[DEBUG] kafka.version: 4.1.2
[DEBUG] kotlin-coroutines.version: 1.10.2
[DEBUG] kotlin-serialization.version: 1.9.0
[DEBUG] kotlin.version: 2.2.21
[DEBUG] lettuce.version: 6.8.2.RELEASE
[DEBUG] library.jansi.path: C:\Users\Dell\.m2\wrapper\dists\apache-maven-3.9.16\0daed3be3ebd1c706f0e69e8b07c6b73f5cc4ea3dfce72a8d0ec2e849ca2ddb0\lib\jansi-native
[DEBUG] line.separator: 

[DEBUG] liquibase.version: 5.0.3
[DEBUG] log4j2.version: 2.25.4
[DEBUG] logback.version: 1.5.34
[DEBUG] lombok.version: 1.18.46
[DEBUG] mariadb.version: 3.5.8
[DEBUG] maven-antrun-plugin.version: 3.2.0
[DEBUG] maven-assembly-plugin.version: 3.7.1
[DEBUG] maven-clean-plugin.version: 3.5.0
[DEBUG] maven-compiler-plugin.version: 3.14.1
[DEBUG] maven-dependency-plugin.version: 3.9.0
[DEBUG] maven-deploy-plugin.version: 3.1.4
[DEBUG] maven-enforcer-plugin.version: 3.6.3
[DEBUG] maven-failsafe-plugin.version: 3.5.6
[DEBUG] maven-help-plugin.version: 3.5.1
[DEBUG] maven-install-plugin.version: 3.1.4
[DEBUG] maven-invoker-plugin.version: 3.9.1
[DEBUG] maven-jar-plugin.version: 3.4.2
[DEBUG] maven-javadoc-plugin.version: 3.12.0
[DEBUG] maven-resources-plugin.version: 3.3.1
[DEBUG] maven-shade-plugin.version: 3.6.2
[DEBUG] maven-source-plugin.version: 3.3.1
[DEBUG] maven-surefire-plugin.version: 3.5.6
[DEBUG] maven-war-plugin.version: 3.4.0
[DEBUG] maven.build.timestamp: 2026-07-29T10:30:22Z
[DEBUG] maven.build.version: Apache Maven 3.9.16 (2bdd9fddda4b155ebf8000e807eb73fd829a51d5)
[DEBUG] maven.compiler.release: 17
[DEBUG] maven.conf: C:\Users\Dell\.m2\wrapper\dists\apache-maven-3.9.16\0daed3be3ebd1c706f0e69e8b07c6b73f5cc4ea3dfce72a8d0ec2e849ca2ddb0/conf
[DEBUG] maven.home: C:\Users\Dell\.m2\wrapper\dists\apache-maven-3.9.16\0daed3be3ebd1c706f0e69e8b07c6b73f5cc4ea3dfce72a8d0ec2e849ca2ddb0
[DEBUG] maven.multiModuleProjectDirectory: C:\Users\Dell\IdeaProjects\Product-Service\product-service
[DEBUG] maven.version: 3.9.16
[DEBUG] micrometer-tracing.version: 1.6.6
[DEBUG] micrometer.version: 1.16.6
[DEBUG] mockito.version: 5.20.0
[DEBUG] mongodb.version: 5.6.5
[DEBUG] mssql-jdbc.version: 13.2.1.jre11
[DEBUG] mysql.version: 9.7.0
[DEBUG] native-build-tools-plugin.version: 0.11.5
[DEBUG] native.encoding: Cp1252
[DEBUG] nekohtml.version: 1.9.22
[DEBUG] neo4j-java-driver.version: 6.1.0
[DEBUG] netty.version: 4.2.15.Final
[DEBUG] opentelemetry.version: 1.55.0
[DEBUG] oracle-database.version: 23.9.0.25.07
[DEBUG] oracle-r2dbc.version: 1.3.0
[DEBUG] os.arch: amd64
[DEBUG] os.name: Windows 11
[DEBUG] os.version: 10.0
[DEBUG] path.separator: ;
[DEBUG] pooled-jms.version: 3.1.9
[DEBUG] postgresql.version: 42.7.11
[DEBUG] project.baseUri: file:/C:/Users/Dell/IdeaProjects/Product-Service/product-service/
[DEBUG] project.build.sourceEncoding: UTF-8
[DEBUG] project.reporting.outputEncoding: UTF-8
[DEBUG] prometheus-client.version: 1.4.3
[DEBUG] prometheus-simpleclient.version: 0.16.0
[DEBUG] pulsar.version: 4.1.3
[DEBUG] quartz.version: 2.5.2
[DEBUG] querydsl.version: 5.1.0
[DEBUG] r2dbc-h2.version: 1.1.0.RELEASE
[DEBUG] r2dbc-mariadb.version: 1.3.0
[DEBUG] r2dbc-mssql.version: 1.0.4.RELEASE
[DEBUG] r2dbc-mysql.version: 1.4.2
[DEBUG] r2dbc-pool.version: 1.0.2.RELEASE
[DEBUG] r2dbc-postgresql.version: 1.1.1.RELEASE
[DEBUG] r2dbc-proxy.version: 1.1.6.RELEASE
[DEBUG] r2dbc-spi.version: 1.0.0.RELEASE
[DEBUG] rabbit-amqp-client.version: 5.27.1
[DEBUG] rabbit-stream-client.version: 0.23.0
[DEBUG] reactive-streams.version: 1.0.4
[DEBUG] reactor-bom.version: 2025.0.6
[DEBUG] resource.delimiter: @
[DEBUG] rsocket.version: 1.1.5
[DEBUG] rxjava3.version: 3.1.12
[DEBUG] saaj-impl.version: 3.0.6
[DEBUG] selenium-htmlunit.version: 4.36.1
[DEBUG] selenium.version: 4.37.0
[DEBUG] sendgrid.version: 4.10.3
[DEBUG] slf4j.version: 2.0.18
[DEBUG] snakeyaml.version: 2.5
[DEBUG] spring-amqp.version: 4.0.4
[DEBUG] spring-batch.version: 6.0.4
[DEBUG] spring-boot.run.main-class: ${start-class}
[DEBUG] spring-data-bom.version: 2025.1.6
[DEBUG] spring-framework.version: 7.0.8
[DEBUG] spring-graphql.version: 2.0.4
[DEBUG] spring-hateoas.version: 3.0.4
[DEBUG] spring-integration.version: 7.0.5
[DEBUG] spring-kafka.version: 4.0.6
[DEBUG] spring-ldap.version: 4.0.4
[DEBUG] spring-pulsar.version: 2.0.6
[DEBUG] spring-restdocs.version: 4.0.1
[DEBUG] spring-security.version: 7.0.6
[DEBUG] spring-session.version: 4.0.4
[DEBUG] spring-ws.version: 5.0.2
[DEBUG] sqlite-jdbc.version: 3.50.3.0
[DEBUG] stderr.encoding: cp437
[DEBUG] stdin.encoding: cp437
[DEBUG] stdout.encoding: Cp1252
[DEBUG] sun.arch.data.model: 64
[DEBUG] sun.boot.library.path: C:\Program Files\Java\jdk-26.0.1\bin
[DEBUG] sun.cpu.endian: little
[DEBUG] sun.cpu.isalist: amd64
[DEBUG] sun.io.unicode.encoding: UnicodeLittle
[DEBUG] sun.java.command: org.codehaus.plexus.classworlds.launcher.Launcher clean compile -X
[DEBUG] sun.java.launcher: SUN_STANDARD
[DEBUG] sun.jnu.encoding: Cp1252
[DEBUG] sun.management.compiler: HotSpot 64-Bit Tiered Compilers
[DEBUG] sun.os.patch.level: 
[DEBUG] testcontainers-redis-module.version: 2.2.4
[DEBUG] testcontainers.version: 2.0.5
[DEBUG] thymeleaf-extras-data-attribute.version: 2.0.1
[DEBUG] thymeleaf-extras-springsecurity.version: 3.1.5.RELEASE
[DEBUG] thymeleaf-layout-dialect.version: 3.4.0
[DEBUG] thymeleaf.version: 3.1.5.RELEASE
[DEBUG] tomcat.version: 11.0.22
[DEBUG] unboundid-ldapsdk.version: 7.0.4
[DEBUG] user.country: IN
[DEBUG] user.dir: C:\Users\Dell\IdeaProjects\Product-Service\product-service
[DEBUG] user.home: C:\Users\Dell
[DEBUG] user.language: en
[DEBUG] user.name: Dell
[DEBUG] user.script: 
[DEBUG] user.variant: 
[DEBUG] versions-maven-plugin.version: 2.19.1
[DEBUG] vibur.version: 26.0
[DEBUG] webjars-locator-core.version: 0.59
[DEBUG] webjars-locator-lite.version: 1.1.3
[DEBUG] wsdl4j.version: 1.6.3
[DEBUG] xml-maven-plugin.version: 1.2.1
[DEBUG] xmlunit2.version: 2.10.4
[DEBUG] yasson.version: 3.0.4
[DEBUG] zipkin-reporter.version: 3.5.3
[DEBUG] Using 'UTF-8' encoding to copy filtered resources.
[DEBUG] Using 'UTF-8' encoding to copy filtered properties files.
[DEBUG] resource with targetPath null
directory C:\Users\Dell\IdeaProjects\Product-Service\product-service\src\main\resources
excludes []
includes [**/application*.yml, **/application*.yaml, **/application*.properties]
[DEBUG] ignoreDelta true
[INFO] Copying 1 resource from src\main\resources to target\classes
[DEBUG] Copying file application.properties
[DEBUG] file application.properties has a filtered file extension
[DEBUG] Using 'UTF-8' encoding to copy filtered resource 'application.properties'.
[DEBUG] filtering C:\Users\Dell\IdeaProjects\Product-Service\product-service\src\main\resources\application.properties to C:\Users\Dell\IdeaProjects\Product-Service\product-service\target\classes\application.properties
[DEBUG] resource with targetPath null
directory C:\Users\Dell\IdeaProjects\Product-Service\product-service\src\main\resources
excludes [**/application*.yml, **/application*.yaml, **/application*.properties]
includes []
[DEBUG] ignoreDelta true
[INFO] Copying 1 resource from src\main\resources to target\classes
[DEBUG] Copying file templates\welcome.html
[DEBUG] file welcome.html has a filtered file extension
[DEBUG] Using 'UTF-8' encoding to copy filtered resource 'welcome.html'.
[DEBUG] copy C:\Users\Dell\IdeaProjects\Product-Service\product-service\src\main\resources\templates\welcome.html to C:\Users\Dell\IdeaProjects\Product-Service\product-service\target\classes\templates\welcome.html
[DEBUG] no user filter components
[INFO] 
[INFO] --- compiler:3.14.1:compile (default-compile) @ product-service ---
[DEBUG] Using mirror maven-default-http-blocker (http://0.0.0.0/) for apache.snapshots (http://repository.apache.org/snapshots).
[DEBUG] Dependency collection stats {ConflictMarker.analyzeTime=177200, ConflictMarker.markTime=79300, ConflictMarker.nodeCount=23, ConflictIdSorter.graphTime=50200, ConflictIdSorter.topsortTime=28500, ConflictIdSorter.conflictIdCount=14, ConflictIdSorter.conflictIdCycleCount=0, ConflictResolver.totalTime=501400, ConflictResolver.conflictItemCount=23, DfDependencyCollector.collectTime=124091100, DfDependencyCollector.transformTime=871400}
[DEBUG] org.apache.maven.plugins:maven-compiler-plugin:jar:3.14.1
[DEBUG]    org.ow2.asm:asm:jar:9.8:compile
[DEBUG]    org.apache.maven.shared:maven-shared-utils:jar:3.4.2:compile
[DEBUG]       org.slf4j:slf4j-api:jar:1.7.36:compile
[DEBUG]       commons-io:commons-io:jar:2.11.0:compile
[DEBUG]    org.apache.maven.shared:maven-shared-incremental:jar:1.1:compile
[DEBUG]    org.codehaus.plexus:plexus-java:jar:1.5.0:compile
[DEBUG]       com.thoughtworks.qdox:qdox:jar:2.2.0:compile
[DEBUG]    org.codehaus.plexus:plexus-compiler-api:jar:2.15.0:compile
[DEBUG]    org.codehaus.plexus:plexus-compiler-manager:jar:2.15.0:compile
[DEBUG]       javax.inject:javax.inject:jar:1:compile
[DEBUG]       org.codehaus.plexus:plexus-xml:jar:3.0.1:compile (version managed from default)
[DEBUG]    org.codehaus.plexus:plexus-compiler-javac:jar:2.15.0:runtime
[DEBUG]    org.codehaus.plexus:plexus-utils:jar:4.0.2:compile
[DEBUG] Created new class realm plugin>org.apache.maven.plugins:maven-compiler-plugin:3.14.1
[DEBUG] Importing foreign packages into class realm plugin>org.apache.maven.plugins:maven-compiler-plugin:3.14.1
[DEBUG]   Imported:  < maven.api
[DEBUG] Populating class realm plugin>org.apache.maven.plugins:maven-compiler-plugin:3.14.1
[DEBUG]   Included: org.apache.maven.plugins:maven-compiler-plugin:jar:3.14.1
[DEBUG]   Included: org.ow2.asm:asm:jar:9.8
[DEBUG]   Included: org.apache.maven.shared:maven-shared-utils:jar:3.4.2
[DEBUG]   Included: commons-io:commons-io:jar:2.11.0
[DEBUG]   Included: org.apache.maven.shared:maven-shared-incremental:jar:1.1
[DEBUG]   Included: org.codehaus.plexus:plexus-java:jar:1.5.0
[DEBUG]   Included: com.thoughtworks.qdox:qdox:jar:2.2.0
[DEBUG]   Included: org.codehaus.plexus:plexus-compiler-api:jar:2.15.0
[DEBUG]   Included: org.codehaus.plexus:plexus-compiler-manager:jar:2.15.0
[DEBUG]   Included: org.codehaus.plexus:plexus-xml:jar:3.0.1
[DEBUG]   Included: org.codehaus.plexus:plexus-compiler-javac:jar:2.15.0
[DEBUG]   Included: org.codehaus.plexus:plexus-utils:jar:4.0.2
[DEBUG] Loading mojo org.apache.maven.plugins:maven-compiler-plugin:3.14.1:compile from plugin realm ClassRealm[plugin>org.apache.maven.plugins:maven-compiler-plugin:3.14.1, parent: jdk.internal.loader.ClassLoaders$AppClassLoader@5bc2b487]
[DEBUG] Configuring mojo execution 'org.apache.maven.plugins:maven-compiler-plugin:3.14.1:compile:default-compile' with basic configurator -->
[DEBUG]   (f) annotationProcessorPathsUseDepMgmt = false
[DEBUG]   (f) basedir = C:\Users\Dell\IdeaProjects\Product-Service\product-service
[DEBUG]   (f) buildDirectory = C:\Users\Dell\IdeaProjects\Product-Service\product-service\target
[DEBUG]   (f) compilePath = [C:\Users\Dell\IdeaProjects\Product-Service\product-service\target\classes, C:\Users\Dell\.m2\repository\org\springframework\boot\spring-boot-starter-web\4.0.7\spring-boot-starter-web-4.0.7.jar, C:\Users\Dell\.m2\repository\org\springframework\boot\spring-boot-starter-jackson\4.0.7\spring-boot-starter-jackson-4.0.7.jar, C:\Users\Dell\.m2\repository\org\springframework\boot\spring-boot-jackson\4.0.7\spring-boot-jackson-4.0.7.jar, C:\Users\Dell\.m2\repository\tools\jackson\core\jackson-databind\3.1.4\jackson-databind-3.1.4.jar, C:\Users\Dell\.m2\repository\com\fasterxml\jackson\core\jackson-annotations\2.21\jackson-annotations-2.21.jar, C:\Users\Dell\.m2\repository\tools\jackson\core\jackson-core\3.1.4\jackson-core-3.1.4.jar, C:\Users\Dell\.m2\repository\org\springframework\boot\spring-boot-starter-tomcat\4.0.7\spring-boot-starter-tomcat-4.0.7.jar, C:\Users\Dell\.m2\repository\org\springframework\boot\spring-boot-starter-tomcat-runtime\4.0.7\spring-boot-starter-tomcat-runtime-4.0.7.jar, C:\Users\Dell\.m2\repository\org\springframework\boot\spring-boot-web-server\4.0.7\spring-boot-web-server-4.0.7.jar, C:\Users\Dell\.m2\repository\org\apache\tomcat\embed\tomcat-embed-core\11.0.22\tomcat-embed-core-11.0.22.jar, C:\Users\Dell\.m2\repository\org\apache\tomcat\embed\tomcat-embed-websocket\11.0.22\tomcat-embed-websocket-11.0.22.jar, C:\Users\Dell\.m2\repository\org\springframework\boot\spring-boot-tomcat\4.0.7\spring-boot-tomcat-4.0.7.jar, C:\Users\Dell\.m2\repository\org\springframework\boot\spring-boot-http-converter\4.0.7\spring-boot-http-converter-4.0.7.jar, C:\Users\Dell\.m2\repository\org\springframework\spring-web\7.0.8\spring-web-7.0.8.jar, C:\Users\Dell\.m2\repository\org\springframework\spring-beans\7.0.8\spring-beans-7.0.8.jar, C:\Users\Dell\.m2\repository\io\micrometer\micrometer-observation\1.16.6\micrometer-observation-1.16.6.jar, C:\Users\Dell\.m2\repository\io\micrometer\micrometer-commons\1.16.6\micrometer-commons-1.16.6.jar, C:\Users\Dell\.m2\repository\org\springframework\boot\spring-boot-webmvc\4.0.7\spring-boot-webmvc-4.0.7.jar, C:\Users\Dell\.m2\repository\org\springframework\boot\spring-boot-servlet\4.0.7\spring-boot-servlet-4.0.7.jar, C:\Users\Dell\.m2\repository\org\springframework\spring-webmvc\7.0.8\spring-webmvc-7.0.8.jar, C:\Users\Dell\.m2\repository\org\springframework\spring-aop\7.0.8\spring-aop-7.0.8.jar, C:\Users\Dell\.m2\repository\org\springframework\spring-expression\7.0.8\spring-expression-7.0.8.jar, C:\Users\Dell\.m2\repository\org\springframework\boot\spring-boot-starter-validation\4.0.7\spring-boot-starter-validation-4.0.7.jar, C:\Users\Dell\.m2\repository\org\springframework\boot\spring-boot-starter\4.0.7\spring-boot-starter-4.0.7.jar, C:\Users\Dell\.m2\repository\org\springframework\boot\spring-boot-starter-logging\4.0.7\spring-boot-starter-logging-4.0.7.jar, C:\Users\Dell\.m2\repository\ch\qos\logback\logback-classic\1.5.34\logback-classic-1.5.34.jar, C:\Users\Dell\.m2\repository\ch\qos\logback\logback-core\1.5.34\logback-core-1.5.34.jar, C:\Users\Dell\.m2\repository\org\apache\logging\log4j\log4j-to-slf4j\2.25.4\log4j-to-slf4j-2.25.4.jar, C:\Users\Dell\.m2\repository\org\apache\logging\log4j\log4j-api\2.25.4\log4j-api-2.25.4.jar, C:\Users\Dell\.m2\repository\org\slf4j\jul-to-slf4j\2.0.18\jul-to-slf4j-2.0.18.jar, C:\Users\Dell\.m2\repository\jakarta\annotation\jakarta.annotation-api\3.0.0\jakarta.annotation-api-3.0.0.jar, C:\Users\Dell\.m2\repository\org\yaml\snakeyaml\2.5\snakeyaml-2.5.jar, C:\Users\Dell\.m2\repository\org\springframework\boot\spring-boot-validation\4.0.7\spring-boot-validation-4.0.7.jar, C:\Users\Dell\.m2\repository\org\apache\tomcat\embed\tomcat-embed-el\11.0.22\tomcat-embed-el-11.0.22.jar, C:\Users\Dell\.m2\repository\org\hibernate\validator\hibernate-validator\9.0.1.Final\hibernate-validator-9.0.1.Final.jar, C:\Users\Dell\.m2\repository\jakarta\validation\jakarta.validation-api\3.1.1\jakarta.validation-api-3.1.1.jar, C:\Users\Dell\.m2\repository\org\jboss\logging\jboss-logging\3.6.3.Final\jboss-logging-3.6.3.Final.jar, C:\Users\Dell\.m2\repository\com\fasterxml\classmate\1.7.3\classmate-1.7.3.jar, C:\Users\Dell\.m2\repository\org\springframework\boot\spring-boot-starter-data-jpa\4.0.7\spring-boot-starter-data-jpa-4.0.7.jar, C:\Users\Dell\.m2\repository\org\springframework\boot\spring-boot-starter-jdbc\4.0.7\spring-boot-starter-jdbc-4.0.7.jar, C:\Users\Dell\.m2\repository\com\zaxxer\HikariCP\7.0.2\HikariCP-7.0.2.jar, C:\Users\Dell\.m2\repository\org\slf4j\slf4j-api\2.0.18\slf4j-api-2.0.18.jar, C:\Users\Dell\.m2\repository\org\springframework\boot\spring-boot-data-jpa\4.0.7\spring-boot-data-jpa-4.0.7.jar, C:\Users\Dell\.m2\repository\org\springframework\boot\spring-boot-data-commons\4.0.7\spring-boot-data-commons-4.0.7.jar, C:\Users\Dell\.m2\repository\org\springframework\boot\spring-boot-persistence\4.0.7\spring-boot-persistence-4.0.7.jar, C:\Users\Dell\.m2\repository\org\springframework\data\spring-data-commons\4.0.6\spring-data-commons-4.0.6.jar, C:\Users\Dell\.m2\repository\org\springframework\boot\spring-boot-hibernate\4.0.7\spring-boot-hibernate-4.0.7.jar, C:\Users\Dell\.m2\repository\org\springframework\boot\spring-boot-jpa\4.0.7\spring-boot-jpa-4.0.7.jar, C:\Users\Dell\.m2\repository\jakarta\persistence\jakarta.persistence-api\3.2.0\jakarta.persistence-api-3.2.0.jar, C:\Users\Dell\.m2\repository\org\hibernate\orm\hibernate-core\7.2.19.Final\hibernate-core-7.2.19.Final.jar, C:\Users\Dell\.m2\repository\jakarta\transaction\jakarta.transaction-api\2.0.1\jakarta.transaction-api-2.0.1.jar, C:\Users\Dell\.m2\repository\org\springframework\spring-orm\7.0.8\spring-orm-7.0.8.jar, C:\Users\Dell\.m2\repository\org\springframework\data\spring-data-jpa\4.0.6\spring-data-jpa-4.0.6.jar, C:\Users\Dell\.m2\repository\org\springframework\spring-tx\7.0.8\spring-tx-7.0.8.jar, C:\Users\Dell\.m2\repository\org\antlr\antlr4-runtime\4.13.2\antlr4-runtime-4.13.2.jar, C:\Users\Dell\.m2\repository\org\springframework\spring-aspects\7.0.8\spring-aspects-7.0.8.jar, C:\Users\Dell\.m2\repository\org\aspectj\aspectjweaver\1.9.25.1\aspectjweaver-1.9.25.1.jar, C:\Users\Dell\.m2\repository\org\springframework\boot\spring-boot-jdbc\4.0.7\spring-boot-jdbc-4.0.7.jar, C:\Users\Dell\.m2\repository\org\springframework\boot\spring-boot-sql\4.0.7\spring-boot-sql-4.0.7.jar, C:\Users\Dell\.m2\repository\org\springframework\boot\spring-boot-transaction\4.0.7\spring-boot-transaction-4.0.7.jar, C:\Users\Dell\.m2\repository\org\springframework\spring-jdbc\7.0.8\spring-jdbc-7.0.8.jar, C:\Users\Dell\.m2\repository\org\projectlombok\lombok\1.18.46\lombok-1.18.46.jar, C:\Users\Dell\.m2\repository\org\springframework\boot\spring-boot-starter-thymeleaf\4.0.7\spring-boot-starter-thymeleaf-4.0.7.jar, C:\Users\Dell\.m2\repository\org\springframework\boot\spring-boot-thymeleaf\4.0.7\spring-boot-thymeleaf-4.0.7.jar, C:\Users\Dell\.m2\repository\org\thymeleaf\thymeleaf-spring6\3.1.5.RELEASE\thymeleaf-spring6-3.1.5.RELEASE.jar, C:\Users\Dell\.m2\repository\org\thymeleaf\thymeleaf\3.1.5.RELEASE\thymeleaf-3.1.5.RELEASE.jar, C:\Users\Dell\.m2\repository\org\attoparser\attoparser\2.0.7.RELEASE\attoparser-2.0.7.RELEASE.jar, C:\Users\Dell\.m2\repository\org\unbescape\unbescape\1.1.6.RELEASE\unbescape-1.1.6.RELEASE.jar, C:\Users\Dell\.m2\repository\org\springframework\boot\spring-boot\4.0.7\spring-boot-4.0.7.jar, C:\Users\Dell\.m2\repository\org\springframework\spring-core\7.0.8\spring-core-7.0.8.jar, C:\Users\Dell\.m2\repository\commons-logging\commons-logging\1.3.6\commons-logging-1.3.6.jar, C:\Users\Dell\.m2\repository\org\jspecify\jspecify\1.0.0\jspecify-1.0.0.jar, C:\Users\Dell\.m2\repository\org\springframework\spring-context\7.0.8\spring-context-7.0.8.jar, C:\Users\Dell\.m2\repository\org\springframework\boot\spring-boot-autoconfigure\4.0.7\spring-boot-autoconfigure-4.0.7.jar]
[DEBUG]   (f) compileSourceRoots = [C:\Users\Dell\IdeaProjects\Product-Service\product-service\src\main\java]
[DEBUG]   (f) compilerId = javac
[DEBUG]   (f) createMissingPackageInfoClass = true
[DEBUG]   (f) debug = true
[DEBUG]   (f) debugFileName = javac
[DEBUG]   (f) enablePreview = false
[DEBUG]   (f) encoding = UTF-8
[DEBUG]   (f) failOnError = true
[DEBUG]   (f) failOnWarning = false
[DEBUG]   (f) fileExtensions = [jar, class]
[DEBUG]   (f) forceJavacCompilerUse = false
[DEBUG]   (f) forceLegacyJavacApi = false
[DEBUG]   (f) fork = false
[DEBUG]   (f) generatedSourcesDirectory = C:\Users\Dell\IdeaProjects\Product-Service\product-service\target\generated-sources\annotations
[DEBUG]   (f) moduleVersion = 0.0.1-SNAPSHOT
[DEBUG]   (f) mojoExecution = org.apache.maven.plugins:maven-compiler-plugin:3.14.1:compile {execution: default-compile}
[DEBUG]   (f) optimize = false
[DEBUG]   (f) outputDirectory = C:\Users\Dell\IdeaProjects\Product-Service\product-service\target\classes
[DEBUG]   (f) parameters = true
[DEBUG]   (f) project = MavenProject: com.aeropelican:product-service:0.0.1-SNAPSHOT @ C:\Users\Dell\IdeaProjects\Product-Service\product-service\pom.xml
[DEBUG]   (f) projectArtifact = com.aeropelican:product-service:war:0.0.1-SNAPSHOT
[DEBUG]   (s) release = 17
[DEBUG]   (f) session = org.apache.maven.execution.MavenSession@56da7487
[DEBUG]   (f) showCompilationChanges = false
[DEBUG]   (f) showDeprecation = false
[DEBUG]   (f) showWarnings = true
[DEBUG]   (f) skipMultiThreadWarning = false
[DEBUG]   (f) source = 1.8
[DEBUG]   (f) staleMillis = 0
[DEBUG]   (s) target = 1.8
[DEBUG]   (f) useIncrementalCompilation = true
[DEBUG]   (f) useModuleVersion = true
[DEBUG]   (f) verbose = false
[DEBUG] -- end configuration --
[DEBUG] Using compiler 'javac'.
[DEBUG] CompilerReuseStrategy: reuseCreated
[DEBUG] useIncrementalCompilation enabled
[INFO] 	Stale source detected: C:\Users\Dell\IdeaProjects\Product-Service\product-service\src\main\java\com\aeropelican\productservice\repository\ProductVariantRepository.java
[INFO] 	Stale source detected: C:\Users\Dell\IdeaProjects\Product-Service\product-service\src\main\java\com\aeropelican\productservice\controller\CategoryController.java
[INFO] 	Stale source detected: C:\Users\Dell\IdeaProjects\Product-Service\product-service\src\main\java\com\aeropelican\productservice\service\ProductService.java
[INFO] 	Stale source detected: C:\Users\Dell\IdeaProjects\Product-Service\product-service\src\main\java\com\aeropelican\productservice\mapper\CategoryMapper.java
[INFO] 	Stale source detected: C:\Users\Dell\IdeaProjects\Product-Service\product-service\src\main\java\com\aeropelican\productservice\dto\request\CreateProductRequest.java
[INFO] 	Stale source detected: C:\Users\Dell\IdeaProjects\Product-Service\product-service\src\main\java\com\aeropelican\productservice\exception\BadRequestException.java
[INFO] 	Stale source detected: C:\Users\Dell\IdeaProjects\Product-Service\product-service\src\main\java\com\aeropelican\productservice\service\ProductVariantService.java
[INFO] 	Stale source detected: C:\Users\Dell\IdeaProjects\Product-Service\product-service\src\main\java\com\aeropelican\productservice\ServletInitializer.java
[INFO] 	Stale source detected: C:\Users\Dell\IdeaProjects\Product-Service\product-service\src\main\java\com\aeropelican\productservice\dto\request\CreateCategoryRequest.java
[INFO] 	Stale source detected: C:\Users\Dell\IdeaProjects\Product-Service\product-service\src\main\java\com\aeropelican\productservice\entity\ProductVariant.java
[INFO] 	Stale source detected: C:\Users\Dell\IdeaProjects\Product-Service\product-service\src\main\java\com\aeropelican\productservice\dto\response\CategoryResponse.java
[INFO] 	Stale source detected: C:\Users\Dell\IdeaProjects\Product-Service\product-service\src\main\java\com\aeropelican\productservice\dto\request\UpdateProductVariantRequest.java
[INFO] 	Stale source detected: C:\Users\Dell\IdeaProjects\Product-Service\product-service\src\main\java\com\aeropelican\productservice\entity\Product.java
[INFO] 	Stale source detected: C:\Users\Dell\IdeaProjects\Product-Service\product-service\src\main\java\com\aeropelican\productservice\dto\request\UpdateCategoryRequest.java
[INFO] 	Stale source detected: C:\Users\Dell\IdeaProjects\Product-Service\product-service\src\main\java\com\aeropelican\productservice\dto\response\ApiResponse.java
[INFO] 	Stale source detected: C:\Users\Dell\IdeaProjects\Product-Service\product-service\src\main\java\com\aeropelican\productservice\dto\request\CreateProductVariantRequest.java
[INFO] 	Stale source detected: C:\Users\Dell\IdeaProjects\Product-Service\product-service\src\main\java\com\aeropelican\productservice\exception\DuplicateResourceException.java
[INFO] 	Stale source detected: C:\Users\Dell\IdeaProjects\Product-Service\product-service\src\main\java\com\aeropelican\productservice\ProductServiceApplication.java
[INFO] 	Stale source detected: C:\Users\Dell\IdeaProjects\Product-Service\product-service\src\main\java\com\aeropelican\productservice\repository\CategoryRepository.java
[INFO] 	Stale source detected: C:\Users\Dell\IdeaProjects\Product-Service\product-service\src\main\java\com\aeropelican\productservice\dto\response\ProductVariantResponse.java
[INFO] 	Stale source detected: C:\Users\Dell\IdeaProjects\Product-Service\product-service\src\main\java\com\aeropelican\productservice\exception\ResourceNotFoundException.java
[INFO] 	Stale source detected: C:\Users\Dell\IdeaProjects\Product-Service\product-service\src\main\java\com\aeropelican\productservice\repository\ProductRepository.java
[INFO] 	Stale source detected: C:\Users\Dell\IdeaProjects\Product-Service\product-service\src\main\java\com\aeropelican\productservice\mapper\ProductMapper.java
[INFO] 	Stale source detected: C:\Users\Dell\IdeaProjects\Product-Service\product-service\src\main\java\com\aeropelican\productservice\controller\ProductController.java
[INFO] 	Stale source detected: C:\Users\Dell\IdeaProjects\Product-Service\product-service\src\main\java\com\aeropelican\productservice\dto\request\UpdateProductRequest.java
[INFO] 	Stale source detected: C:\Users\Dell\IdeaProjects\Product-Service\product-service\src\main\java\com\aeropelican\productservice\controller\ProductVariantController.java
[INFO] 	Stale source detected: C:\Users\Dell\IdeaProjects\Product-Service\product-service\src\main\java\com\aeropelican\productservice\mapper\ProductVariantMapper.java
[INFO] 	Stale source detected: C:\Users\Dell\IdeaProjects\Product-Service\product-service\src\main\java\com\aeropelican\productservice\dto\response\ProductResponse.java
[INFO] 	Stale source detected: C:\Users\Dell\IdeaProjects\Product-Service\product-service\src\main\java\com\aeropelican\productservice\entity\Category.java
[INFO] 	Stale source detected: C:\Users\Dell\IdeaProjects\Product-Service\product-service\src\main\java\com\aeropelican\productservice\exception\GlobalExceptionHandler.java
[INFO] 	Stale source detected: C:\Users\Dell\IdeaProjects\Product-Service\product-service\src\main\java\com\aeropelican\productservice\service\CategoryService.java
[INFO] 	Input tree files (+): C:\Users\Dell\IdeaProjects\Product-Service\product-service\src\main\java\com\aeropelican\productservice\ProductServiceApplication.java
[INFO] 	Input tree files (+): C:\Users\Dell\IdeaProjects\Product-Service\product-service\src\main\java\com\aeropelican\productservice\ServletInitializer.java
[INFO] 	Input tree files (+): C:\Users\Dell\IdeaProjects\Product-Service\product-service\src\main\java\com\aeropelican\productservice\controller\CategoryController.java
[INFO] 	Input tree files (+): C:\Users\Dell\IdeaProjects\Product-Service\product-service\src\main\java\com\aeropelican\productservice\controller\ProductController.java
[INFO] 	Input tree files (+): C:\Users\Dell\IdeaProjects\Product-Service\product-service\src\main\java\com\aeropelican\productservice\controller\ProductVariantController.java
[INFO] 	Input tree files (+): C:\Users\Dell\IdeaProjects\Product-Service\product-service\src\main\java\com\aeropelican\productservice\dto\request\CreateCategoryRequest.java
[INFO] 	Input tree files (+): C:\Users\Dell\IdeaProjects\Product-Service\product-service\src\main\java\com\aeropelican\productservice\dto\request\CreateProductRequest.java
[INFO] 	Input tree files (+): C:\Users\Dell\IdeaProjects\Product-Service\product-service\src\main\java\com\aeropelican\productservice\dto\request\CreateProductVariantRequest.java
[INFO] 	Input tree files (+): C:\Users\Dell\IdeaProjects\Product-Service\product-service\src\main\java\com\aeropelican\productservice\dto\request\UpdateCategoryRequest.java
[INFO] 	Input tree files (+): C:\Users\Dell\IdeaProjects\Product-Service\product-service\src\main\java\com\aeropelican\productservice\dto\request\UpdateProductRequest.java
[INFO] 	Input tree files (+): C:\Users\Dell\IdeaProjects\Product-Service\product-service\src\main\java\com\aeropelican\productservice\dto\request\UpdateProductVariantRequest.java
[INFO] 	Input tree files (+): C:\Users\Dell\IdeaProjects\Product-Service\product-service\src\main\java\com\aeropelican\productservice\dto\response\ApiResponse.java
[INFO] 	Input tree files (+): C:\Users\Dell\IdeaProjects\Product-Service\product-service\src\main\java\com\aeropelican\productservice\dto\response\CategoryResponse.java
[INFO] 	Input tree files (+): C:\Users\Dell\IdeaProjects\Product-Service\product-service\src\main\java\com\aeropelican\productservice\dto\response\ProductResponse.java
[INFO] 	Input tree files (+): C:\Users\Dell\IdeaProjects\Product-Service\product-service\src\main\java\com\aeropelican\productservice\dto\response\ProductVariantResponse.java
[INFO] 	Input tree files (+): C:\Users\Dell\IdeaProjects\Product-Service\product-service\src\main\java\com\aeropelican\productservice\entity\Category.java
[INFO] 	Input tree files (+): C:\Users\Dell\IdeaProjects\Product-Service\product-service\src\main\java\com\aeropelican\productservice\entity\Product.java
[INFO] 	Input tree files (+): C:\Users\Dell\IdeaProjects\Product-Service\product-service\src\main\java\com\aeropelican\productservice\entity\ProductVariant.java
[INFO] 	Input tree files (+): C:\Users\Dell\IdeaProjects\Product-Service\product-service\src\main\java\com\aeropelican\productservice\exception\BadRequestException.java
[INFO] 	Input tree files (+): C:\Users\Dell\IdeaProjects\Product-Service\product-service\src\main\java\com\aeropelican\productservice\exception\DuplicateResourceException.java
[INFO] 	Input tree files (+): C:\Users\Dell\IdeaProjects\Product-Service\product-service\src\main\java\com\aeropelican\productservice\exception\GlobalExceptionHandler.java
[INFO] 	Input tree files (+): C:\Users\Dell\IdeaProjects\Product-Service\product-service\src\main\java\com\aeropelican\productservice\exception\ResourceNotFoundException.java
[INFO] 	Input tree files (+): C:\Users\Dell\IdeaProjects\Product-Service\product-service\src\main\java\com\aeropelican\productservice\mapper\CategoryMapper.java
[INFO] 	Input tree files (+): C:\Users\Dell\IdeaProjects\Product-Service\product-service\src\main\java\com\aeropelican\productservice\mapper\ProductMapper.java
[INFO] 	Input tree files (+): C:\Users\Dell\IdeaProjects\Product-Service\product-service\src\main\java\com\aeropelican\productservice\mapper\ProductVariantMapper.java
[INFO] 	Input tree files (+): C:\Users\Dell\IdeaProjects\Product-Service\product-service\src\main\java\com\aeropelican\productservice\repository\CategoryRepository.java
[INFO] 	Input tree files (+): C:\Users\Dell\IdeaProjects\Product-Service\product-service\src\main\java\com\aeropelican\productservice\repository\ProductRepository.java
[INFO] 	Input tree files (+): C:\Users\Dell\IdeaProjects\Product-Service\product-service\src\main\java\com\aeropelican\productservice\repository\ProductVariantRepository.java
[INFO] 	Input tree files (+): C:\Users\Dell\IdeaProjects\Product-Service\product-service\src\main\java\com\aeropelican\productservice\service\CategoryService.java
[INFO] 	Input tree files (+): C:\Users\Dell\IdeaProjects\Product-Service\product-service\src\main\java\com\aeropelican\productservice\service\ProductService.java
[INFO] 	Input tree files (+): C:\Users\Dell\IdeaProjects\Product-Service\product-service\src\main\java\com\aeropelican\productservice\service\ProductVariantService.java
[INFO] Recompiling the module because of changed source code.
[DEBUG] Classpath:
[DEBUG]  C:\Users\Dell\IdeaProjects\Product-Service\product-service\target\classes
[DEBUG]  C:\Users\Dell\.m2\repository\org\springframework\boot\spring-boot-starter-web\4.0.7\spring-boot-starter-web-4.0.7.jar
[DEBUG]  C:\Users\Dell\.m2\repository\org\springframework\boot\spring-boot-starter-jackson\4.0.7\spring-boot-starter-jackson-4.0.7.jar
[DEBUG]  C:\Users\Dell\.m2\repository\org\springframework\boot\spring-boot-jackson\4.0.7\spring-boot-jackson-4.0.7.jar
[DEBUG]  C:\Users\Dell\.m2\repository\tools\jackson\core\jackson-databind\3.1.4\jackson-databind-3.1.4.jar
[DEBUG]  C:\Users\Dell\.m2\repository\com\fasterxml\jackson\core\jackson-annotations\2.21\jackson-annotations-2.21.jar
[DEBUG]  C:\Users\Dell\.m2\repository\tools\jackson\core\jackson-core\3.1.4\jackson-core-3.1.4.jar
[DEBUG]  C:\Users\Dell\.m2\repository\org\springframework\boot\spring-boot-starter-tomcat\4.0.7\spring-boot-starter-tomcat-4.0.7.jar
[DEBUG]  C:\Users\Dell\.m2\repository\org\springframework\boot\spring-boot-starter-tomcat-runtime\4.0.7\spring-boot-starter-tomcat-runtime-4.0.7.jar
[DEBUG]  C:\Users\Dell\.m2\repository\org\springframework\boot\spring-boot-web-server\4.0.7\spring-boot-web-server-4.0.7.jar
[DEBUG]  C:\Users\Dell\.m2\repository\org\apache\tomcat\embed\tomcat-embed-core\11.0.22\tomcat-embed-core-11.0.22.jar
[DEBUG]  C:\Users\Dell\.m2\repository\org\apache\tomcat\embed\tomcat-embed-websocket\11.0.22\tomcat-embed-websocket-11.0.22.jar
[DEBUG]  C:\Users\Dell\.m2\repository\org\springframework\boot\spring-boot-tomcat\4.0.7\spring-boot-tomcat-4.0.7.jar
[DEBUG]  C:\Users\Dell\.m2\repository\org\springframework\boot\spring-boot-http-converter\4.0.7\spring-boot-http-converter-4.0.7.jar
[DEBUG]  C:\Users\Dell\.m2\repository\org\springframework\spring-web\7.0.8\spring-web-7.0.8.jar
[DEBUG]  C:\Users\Dell\.m2\repository\org\springframework\spring-beans\7.0.8\spring-beans-7.0.8.jar
[DEBUG]  C:\Users\Dell\.m2\repository\io\micrometer\micrometer-observation\1.16.6\micrometer-observation-1.16.6.jar
[DEBUG]  C:\Users\Dell\.m2\repository\io\micrometer\micrometer-commons\1.16.6\micrometer-commons-1.16.6.jar
[DEBUG]  C:\Users\Dell\.m2\repository\org\springframework\boot\spring-boot-webmvc\4.0.7\spring-boot-webmvc-4.0.7.jar
[DEBUG]  C:\Users\Dell\.m2\repository\org\springframework\boot\spring-boot-servlet\4.0.7\spring-boot-servlet-4.0.7.jar
[DEBUG]  C:\Users\Dell\.m2\repository\org\springframework\spring-webmvc\7.0.8\spring-webmvc-7.0.8.jar
[DEBUG]  C:\Users\Dell\.m2\repository\org\springframework\spring-aop\7.0.8\spring-aop-7.0.8.jar
[DEBUG]  C:\Users\Dell\.m2\repository\org\springframework\spring-expression\7.0.8\spring-expression-7.0.8.jar
[DEBUG]  C:\Users\Dell\.m2\repository\org\springframework\boot\spring-boot-starter-validation\4.0.7\spring-boot-starter-validation-4.0.7.jar
[DEBUG]  C:\Users\Dell\.m2\repository\org\springframework\boot\spring-boot-starter\4.0.7\spring-boot-starter-4.0.7.jar
[DEBUG]  C:\Users\Dell\.m2\repository\org\springframework\boot\spring-boot-starter-logging\4.0.7\spring-boot-starter-logging-4.0.7.jar
[DEBUG]  C:\Users\Dell\.m2\repository\ch\qos\logback\logback-classic\1.5.34\logback-classic-1.5.34.jar
[DEBUG]  C:\Users\Dell\.m2\repository\ch\qos\logback\logback-core\1.5.34\logback-core-1.5.34.jar
[DEBUG]  C:\Users\Dell\.m2\repository\org\apache\logging\log4j\log4j-to-slf4j\2.25.4\log4j-to-slf4j-2.25.4.jar
[DEBUG]  C:\Users\Dell\.m2\repository\org\apache\logging\log4j\log4j-api\2.25.4\log4j-api-2.25.4.jar
[DEBUG]  C:\Users\Dell\.m2\repository\org\slf4j\jul-to-slf4j\2.0.18\jul-to-slf4j-2.0.18.jar
[DEBUG]  C:\Users\Dell\.m2\repository\jakarta\annotation\jakarta.annotation-api\3.0.0\jakarta.annotation-api-3.0.0.jar
[DEBUG]  C:\Users\Dell\.m2\repository\org\yaml\snakeyaml\2.5\snakeyaml-2.5.jar
[DEBUG]  C:\Users\Dell\.m2\repository\org\springframework\boot\spring-boot-validation\4.0.7\spring-boot-validation-4.0.7.jar
[DEBUG]  C:\Users\Dell\.m2\repository\org\apache\tomcat\embed\tomcat-embed-el\11.0.22\tomcat-embed-el-11.0.22.jar
[DEBUG]  C:\Users\Dell\.m2\repository\org\hibernate\validator\hibernate-validator\9.0.1.Final\hibernate-validator-9.0.1.Final.jar
[DEBUG]  C:\Users\Dell\.m2\repository\jakarta\validation\jakarta.validation-api\3.1.1\jakarta.validation-api-3.1.1.jar
[DEBUG]  C:\Users\Dell\.m2\repository\org\jboss\logging\jboss-logging\3.6.3.Final\jboss-logging-3.6.3.Final.jar
[DEBUG]  C:\Users\Dell\.m2\repository\com\fasterxml\classmate\1.7.3\classmate-1.7.3.jar
[DEBUG]  C:\Users\Dell\.m2\repository\org\springframework\boot\spring-boot-starter-data-jpa\4.0.7\spring-boot-starter-data-jpa-4.0.7.jar
[DEBUG]  C:\Users\Dell\.m2\repository\org\springframework\boot\spring-boot-starter-jdbc\4.0.7\spring-boot-starter-jdbc-4.0.7.jar
[DEBUG]  C:\Users\Dell\.m2\repository\com\zaxxer\HikariCP\7.0.2\HikariCP-7.0.2.jar
[DEBUG]  C:\Users\Dell\.m2\repository\org\slf4j\slf4j-api\2.0.18\slf4j-api-2.0.18.jar
[DEBUG]  C:\Users\Dell\.m2\repository\org\springframework\boot\spring-boot-data-jpa\4.0.7\spring-boot-data-jpa-4.0.7.jar
[DEBUG]  C:\Users\Dell\.m2\repository\org\springframework\boot\spring-boot-data-commons\4.0.7\spring-boot-data-commons-4.0.7.jar
[DEBUG]  C:\Users\Dell\.m2\repository\org\springframework\boot\spring-boot-persistence\4.0.7\spring-boot-persistence-4.0.7.jar
[DEBUG]  C:\Users\Dell\.m2\repository\org\springframework\data\spring-data-commons\4.0.6\spring-data-commons-4.0.6.jar
[DEBUG]  C:\Users\Dell\.m2\repository\org\springframework\boot\spring-boot-hibernate\4.0.7\spring-boot-hibernate-4.0.7.jar
[DEBUG]  C:\Users\Dell\.m2\repository\org\springframework\boot\spring-boot-jpa\4.0.7\spring-boot-jpa-4.0.7.jar
[DEBUG]  C:\Users\Dell\.m2\repository\jakarta\persistence\jakarta.persistence-api\3.2.0\jakarta.persistence-api-3.2.0.jar
[DEBUG]  C:\Users\Dell\.m2\repository\org\hibernate\orm\hibernate-core\7.2.19.Final\hibernate-core-7.2.19.Final.jar
[DEBUG]  C:\Users\Dell\.m2\repository\jakarta\transaction\jakarta.transaction-api\2.0.1\jakarta.transaction-api-2.0.1.jar
[DEBUG]  C:\Users\Dell\.m2\repository\org\springframework\spring-orm\7.0.8\spring-orm-7.0.8.jar
[DEBUG]  C:\Users\Dell\.m2\repository\org\springframework\data\spring-data-jpa\4.0.6\spring-data-jpa-4.0.6.jar
[DEBUG]  C:\Users\Dell\.m2\repository\org\springframework\spring-tx\7.0.8\spring-tx-7.0.8.jar
[DEBUG]  C:\Users\Dell\.m2\repository\org\antlr\antlr4-runtime\4.13.2\antlr4-runtime-4.13.2.jar
[DEBUG]  C:\Users\Dell\.m2\repository\org\springframework\spring-aspects\7.0.8\spring-aspects-7.0.8.jar
[DEBUG]  C:\Users\Dell\.m2\repository\org\aspectj\aspectjweaver\1.9.25.1\aspectjweaver-1.9.25.1.jar
[DEBUG]  C:\Users\Dell\.m2\repository\org\springframework\boot\spring-boot-jdbc\4.0.7\spring-boot-jdbc-4.0.7.jar
[DEBUG]  C:\Users\Dell\.m2\repository\org\springframework\boot\spring-boot-sql\4.0.7\spring-boot-sql-4.0.7.jar
[DEBUG]  C:\Users\Dell\.m2\repository\org\springframework\boot\spring-boot-transaction\4.0.7\spring-boot-transaction-4.0.7.jar
[DEBUG]  C:\Users\Dell\.m2\repository\org\springframework\spring-jdbc\7.0.8\spring-jdbc-7.0.8.jar
[DEBUG]  C:\Users\Dell\.m2\repository\org\projectlombok\lombok\1.18.46\lombok-1.18.46.jar
[DEBUG]  C:\Users\Dell\.m2\repository\org\springframework\boot\spring-boot-starter-thymeleaf\4.0.7\spring-boot-starter-thymeleaf-4.0.7.jar
[DEBUG]  C:\Users\Dell\.m2\repository\org\springframework\boot\spring-boot-thymeleaf\4.0.7\spring-boot-thymeleaf-4.0.7.jar
[DEBUG]  C:\Users\Dell\.m2\repository\org\thymeleaf\thymeleaf-spring6\3.1.5.RELEASE\thymeleaf-spring6-3.1.5.RELEASE.jar
[DEBUG]  C:\Users\Dell\.m2\repository\org\thymeleaf\thymeleaf\3.1.5.RELEASE\thymeleaf-3.1.5.RELEASE.jar
[DEBUG]  C:\Users\Dell\.m2\repository\org\attoparser\attoparser\2.0.7.RELEASE\attoparser-2.0.7.RELEASE.jar
[DEBUG]  C:\Users\Dell\.m2\repository\org\unbescape\unbescape\1.1.6.RELEASE\unbescape-1.1.6.RELEASE.jar
[DEBUG]  C:\Users\Dell\.m2\repository\org\springframework\boot\spring-boot\4.0.7\spring-boot-4.0.7.jar
[DEBUG]  C:\Users\Dell\.m2\repository\org\springframework\spring-core\7.0.8\spring-core-7.0.8.jar
[DEBUG]  C:\Users\Dell\.m2\repository\commons-logging\commons-logging\1.3.6\commons-logging-1.3.6.jar
[DEBUG]  C:\Users\Dell\.m2\repository\org\jspecify\jspecify\1.0.0\jspecify-1.0.0.jar
[DEBUG]  C:\Users\Dell\.m2\repository\org\springframework\spring-context\7.0.8\spring-context-7.0.8.jar
[DEBUG]  C:\Users\Dell\.m2\repository\org\springframework\boot\spring-boot-autoconfigure\4.0.7\spring-boot-autoconfigure-4.0.7.jar
[DEBUG] Source roots:
[DEBUG]  C:\Users\Dell\IdeaProjects\Product-Service\product-service\src\main\java
[DEBUG] Command line options:
[DEBUG] -d C:\Users\Dell\IdeaProjects\Product-Service\product-service\target\classes -classpath C:\Users\Dell\IdeaProjects\Product-Service\product-service\target\classes;C:\Users\Dell\.m2\repository\org\springframework\boot\spring-boot-starter-web\4.0.7\spring-boot-starter-web-4.0.7.jar;C:\Users\Dell\.m2\repository\org\springframework\boot\spring-boot-starter-jackson\4.0.7\spring-boot-starter-jackson-4.0.7.jar;C:\Users\Dell\.m2\repository\org\springframework\boot\spring-boot-jackson\4.0.7\spring-boot-jackson-4.0.7.jar;C:\Users\Dell\.m2\repository\tools\jackson\core\jackson-databind\3.1.4\jackson-databind-3.1.4.jar;C:\Users\Dell\.m2\repository\com\fasterxml\jackson\core\jackson-annotations\2.21\jackson-annotations-2.21.jar;C:\Users\Dell\.m2\repository\tools\jackson\core\jackson-core\3.1.4\jackson-core-3.1.4.jar;C:\Users\Dell\.m2\repository\org\springframework\boot\spring-boot-starter-tomcat\4.0.7\spring-boot-starter-tomcat-4.0.7.jar;C:\Users\Dell\.m2\repository\org\springframework\boot\spring-boot-starter-tomcat-runtime\4.0.7\spring-boot-starter-tomcat-runtime-4.0.7.jar;C:\Users\Dell\.m2\repository\org\springframework\boot\spring-boot-web-server\4.0.7\spring-boot-web-server-4.0.7.jar;C:\Users\Dell\.m2\repository\org\apache\tomcat\embed\tomcat-embed-core\11.0.22\tomcat-embed-core-11.0.22.jar;C:\Users\Dell\.m2\repository\org\apache\tomcat\embed\tomcat-embed-websocket\11.0.22\tomcat-embed-websocket-11.0.22.jar;C:\Users\Dell\.m2\repository\org\springframework\boot\spring-boot-tomcat\4.0.7\spring-boot-tomcat-4.0.7.jar;C:\Users\Dell\.m2\repository\org\springframework\boot\spring-boot-http-converter\4.0.7\spring-boot-http-converter-4.0.7.jar;C:\Users\Dell\.m2\repository\org\springframework\spring-web\7.0.8\spring-web-7.0.8.jar;C:\Users\Dell\.m2\repository\org\springframework\spring-beans\7.0.8\spring-beans-7.0.8.jar;C:\Users\Dell\.m2\repository\io\micrometer\micrometer-observation\1.16.6\micrometer-observation-1.16.6.jar;C:\Users\Dell\.m2\repository\io\micrometer\micrometer-commons\1.16.6\micrometer-commons-1.16.6.jar;C:\Users\Dell\.m2\repository\org\springframework\boot\spring-boot-webmvc\4.0.7\spring-boot-webmvc-4.0.7.jar;C:\Users\Dell\.m2\repository\org\springframework\boot\spring-boot-servlet\4.0.7\spring-boot-servlet-4.0.7.jar;C:\Users\Dell\.m2\repository\org\springframework\spring-webmvc\7.0.8\spring-webmvc-7.0.8.jar;C:\Users\Dell\.m2\repository\org\springframework\spring-aop\7.0.8\spring-aop-7.0.8.jar;C:\Users\Dell\.m2\repository\org\springframework\spring-expression\7.0.8\spring-expression-7.0.8.jar;C:\Users\Dell\.m2\repository\org\springframework\boot\spring-boot-starter-validation\4.0.7\spring-boot-starter-validation-4.0.7.jar;C:\Users\Dell\.m2\repository\org\springframework\boot\spring-boot-starter\4.0.7\spring-boot-starter-4.0.7.jar;C:\Users\Dell\.m2\repository\org\springframework\boot\spring-boot-starter-logging\4.0.7\spring-boot-starter-logging-4.0.7.jar;C:\Users\Dell\.m2\repository\ch\qos\logback\logback-classic\1.5.34\logback-classic-1.5.34.jar;C:\Users\Dell\.m2\repository\ch\qos\logback\logback-core\1.5.34\logback-core-1.5.34.jar;C:\Users\Dell\.m2\repository\org\apache\logging\log4j\log4j-to-slf4j\2.25.4\log4j-to-slf4j-2.25.4.jar;C:\Users\Dell\.m2\repository\org\apache\logging\log4j\log4j-api\2.25.4\log4j-api-2.25.4.jar;C:\Users\Dell\.m2\repository\org\slf4j\jul-to-slf4j\2.0.18\jul-to-slf4j-2.0.18.jar;C:\Users\Dell\.m2\repository\jakarta\annotation\jakarta.annotation-api\3.0.0\jakarta.annotation-api-3.0.0.jar;C:\Users\Dell\.m2\repository\org\yaml\snakeyaml\2.5\snakeyaml-2.5.jar;C:\Users\Dell\.m2\repository\org\springframework\boot\spring-boot-validation\4.0.7\spring-boot-validation-4.0.7.jar;C:\Users\Dell\.m2\repository\org\apache\tomcat\embed\tomcat-embed-el\11.0.22\tomcat-embed-el-11.0.22.jar;C:\Users\Dell\.m2\repository\org\hibernate\validator\hibernate-validator\9.0.1.Final\hibernate-validator-9.0.1.Final.jar;C:\Users\Dell\.m2\repository\jakarta\validation\jakarta.validation-api\3.1.1\jakarta.validation-api-3.1.1.jar;C:\Users\Dell\.m2\repository\org\jboss\logging\jboss-logging\3.6.3.Final\jboss-logging-3.6.3.Final.jar;C:\Users\Dell\.m2\repository\com\fasterxml\classmate\1.7.3\classmate-1.7.3.jar;C:\Users\Dell\.m2\repository\org\springframework\boot\spring-boot-starter-data-jpa\4.0.7\spring-boot-starter-data-jpa-4.0.7.jar;C:\Users\Dell\.m2\repository\org\springframework\boot\spring-boot-starter-jdbc\4.0.7\spring-boot-starter-jdbc-4.0.7.jar;C:\Users\Dell\.m2\repository\com\zaxxer\HikariCP\7.0.2\HikariCP-7.0.2.jar;C:\Users\Dell\.m2\repository\org\slf4j\slf4j-api\2.0.18\slf4j-api-2.0.18.jar;C:\Users\Dell\.m2\repository\org\springframework\boot\spring-boot-data-jpa\4.0.7\spring-boot-data-jpa-4.0.7.jar;C:\Users\Dell\.m2\repository\org\springframework\boot\spring-boot-data-commons\4.0.7\spring-boot-data-commons-4.0.7.jar;C:\Users\Dell\.m2\repository\org\springframework\boot\spring-boot-persistence\4.0.7\spring-boot-persistence-4.0.7.jar;C:\Users\Dell\.m2\repository\org\springframework\data\spring-data-commons\4.0.6\spring-data-commons-4.0.6.jar;C:\Users\Dell\.m2\repository\org\springframework\boot\spring-boot-hibernate\4.0.7\spring-boot-hibernate-4.0.7.jar;C:\Users\Dell\.m2\repository\org\springframework\boot\spring-boot-jpa\4.0.7\spring-boot-jpa-4.0.7.jar;C:\Users\Dell\.m2\repository\jakarta\persistence\jakarta.persistence-api\3.2.0\jakarta.persistence-api-3.2.0.jar;C:\Users\Dell\.m2\repository\org\hibernate\orm\hibernate-core\7.2.19.Final\hibernate-core-7.2.19.Final.jar;C:\Users\Dell\.m2\repository\jakarta\transaction\jakarta.transaction-api\2.0.1\jakarta.transaction-api-2.0.1.jar;C:\Users\Dell\.m2\repository\org\springframework\spring-orm\7.0.8\spring-orm-7.0.8.jar;C:\Users\Dell\.m2\repository\org\springframework\data\spring-data-jpa\4.0.6\spring-data-jpa-4.0.6.jar;C:\Users\Dell\.m2\repository\org\springframework\spring-tx\7.0.8\spring-tx-7.0.8.jar;C:\Users\Dell\.m2\repository\org\antlr\antlr4-runtime\4.13.2\antlr4-runtime-4.13.2.jar;C:\Users\Dell\.m2\repository\org\springframework\spring-aspects\7.0.8\spring-aspects-7.0.8.jar;C:\Users\Dell\.m2\repository\org\aspectj\aspectjweaver\1.9.25.1\aspectjweaver-1.9.25.1.jar;C:\Users\Dell\.m2\repository\org\springframework\boot\spring-boot-jdbc\4.0.7\spring-boot-jdbc-4.0.7.jar;C:\Users\Dell\.m2\repository\org\springframework\boot\spring-boot-sql\4.0.7\spring-boot-sql-4.0.7.jar;C:\Users\Dell\.m2\repository\org\springframework\boot\spring-boot-transaction\4.0.7\spring-boot-transaction-4.0.7.jar;C:\Users\Dell\.m2\repository\org\springframework\spring-jdbc\7.0.8\spring-jdbc-7.0.8.jar;C:\Users\Dell\.m2\repository\org\projectlombok\lombok\1.18.46\lombok-1.18.46.jar;C:\Users\Dell\.m2\repository\org\springframework\boot\spring-boot-starter-thymeleaf\4.0.7\spring-boot-starter-thymeleaf-4.0.7.jar;C:\Users\Dell\.m2\repository\org\springframework\boot\spring-boot-thymeleaf\4.0.7\spring-boot-thymeleaf-4.0.7.jar;C:\Users\Dell\.m2\repository\org\thymeleaf\thymeleaf-spring6\3.1.5.RELEASE\thymeleaf-spring6-3.1.5.RELEASE.jar;C:\Users\Dell\.m2\repository\org\thymeleaf\thymeleaf\3.1.5.RELEASE\thymeleaf-3.1.5.RELEASE.jar;C:\Users\Dell\.m2\repository\org\attoparser\attoparser\2.0.7.RELEASE\attoparser-2.0.7.RELEASE.jar;C:\Users\Dell\.m2\repository\org\unbescape\unbescape\1.1.6.RELEASE\unbescape-1.1.6.RELEASE.jar;C:\Users\Dell\.m2\repository\org\springframework\boot\spring-boot\4.0.7\spring-boot-4.0.7.jar;C:\Users\Dell\.m2\repository\org\springframework\spring-core\7.0.8\spring-core-7.0.8.jar;C:\Users\Dell\.m2\repository\commons-logging\commons-logging\1.3.6\commons-logging-1.3.6.jar;C:\Users\Dell\.m2\repository\org\jspecify\jspecify\1.0.0\jspecify-1.0.0.jar;C:\Users\Dell\.m2\repository\org\springframework\spring-context\7.0.8\spring-context-7.0.8.jar;C:\Users\Dell\.m2\repository\org\springframework\boot\spring-boot-autoconfigure\4.0.7\spring-boot-autoconfigure-4.0.7.jar; -sourcepath C:\Users\Dell\IdeaProjects\Product-Service\product-service\src\main\java; -s C:\Users\Dell\IdeaProjects\Product-Service\product-service\target\generated-sources\annotations -g -parameters --release 17 -encoding UTF-8 -XDuseUnsharedTable=true
[DEBUG] incrementalBuildHelper#beforeRebuildExecution
[INFO] Compiling 31 source files with javac [debug parameters release 17] to target\classes
[DEBUG] incrementalBuildHelper#afterRebuildExecution
[INFO] -------------------------------------------------------------
[ERROR] COMPILATION ERROR : 
[INFO] -------------------------------------------------------------
[ERROR] /C:/Users/Dell/IdeaProjects/Product-Service/product-service/src/main/java/com/aeropelican/productservice/controller/CategoryController.java:[32,28] cannot find symbol
  symbol:   method <java.util.List<com.aeropelican.productservice.dto.response.CategoryResponse>>builder()
  location: class com.aeropelican.productservice.dto.response.ApiResponse
[ERROR] /C:/Users/Dell/IdeaProjects/Product-Service/product-service/src/main/java/com/aeropelican/productservice/controller/CategoryController.java:[53,28] cannot find symbol
  symbol:   method <com.aeropelican.productservice.dto.response.CategoryResponse>builder()
  location: class com.aeropelican.productservice.dto.response.ApiResponse
[ERROR] /C:/Users/Dell/IdeaProjects/Product-Service/product-service/src/main/java/com/aeropelican/productservice/controller/CategoryController.java:[74,28] cannot find symbol
  symbol:   method <com.aeropelican.productservice.dto.response.CategoryResponse>builder()
  location: class com.aeropelican.productservice.dto.response.ApiResponse
[ERROR] /C:/Users/Dell/IdeaProjects/Product-Service/product-service/src/main/java/com/aeropelican/productservice/controller/CategoryController.java:[97,28] cannot find symbol
  symbol:   method <com.aeropelican.productservice.dto.response.CategoryResponse>builder()
  location: class com.aeropelican.productservice.dto.response.ApiResponse
[ERROR] /C:/Users/Dell/IdeaProjects/Product-Service/product-service/src/main/java/com/aeropelican/productservice/controller/CategoryController.java:[118,28] cannot find symbol
  symbol:   method <java.lang.String>builder()
  location: class com.aeropelican.productservice.dto.response.ApiResponse
[ERROR] /C:/Users/Dell/IdeaProjects/Product-Service/product-service/src/main/java/com/aeropelican/productservice/service/CategoryService.java:[47,41] cannot find symbol
  symbol:   method getCategoryName()
  location: variable request of type com.aeropelican.productservice.dto.request.CreateCategoryRequest
[ERROR] /C:/Users/Dell/IdeaProjects/Product-Service/product-service/src/main/java/com/aeropelican/productservice/service/CategoryService.java:[48,40] cannot find symbol
  symbol:   method getDescription()
  location: variable request of type com.aeropelican.productservice.dto.request.CreateCategoryRequest
[ERROR] /C:/Users/Dell/IdeaProjects/Product-Service/product-service/src/main/java/com/aeropelican/productservice/service/CategoryService.java:[49,37] cannot find symbol
  symbol:   method getIsActive()
  location: variable request of type com.aeropelican.productservice.dto.request.CreateCategoryRequest
[ERROR] /C:/Users/Dell/IdeaProjects/Product-Service/product-service/src/main/java/com/aeropelican/productservice/service/CategoryService.java:[50,17] cannot find symbol
  symbol:   method setCreatedAt(java.time.LocalDateTime)
  location: variable category of type com.aeropelican.productservice.entity.Category
[ERROR] /C:/Users/Dell/IdeaProjects/Product-Service/product-service/src/main/java/com/aeropelican/productservice/service/CategoryService.java:[66,41] cannot find symbol
  symbol:   method getCategoryName()
  location: variable request of type com.aeropelican.productservice.dto.request.UpdateCategoryRequest
[ERROR] /C:/Users/Dell/IdeaProjects/Product-Service/product-service/src/main/java/com/aeropelican/productservice/service/CategoryService.java:[67,40] cannot find symbol
  symbol:   method getDescription()
  location: variable request of type com.aeropelican.productservice.dto.request.UpdateCategoryRequest
[ERROR] /C:/Users/Dell/IdeaProjects/Product-Service/product-service/src/main/java/com/aeropelican/productservice/service/CategoryService.java:[68,37] cannot find symbol
  symbol:   method getIsActive()
  location: variable request of type com.aeropelican.productservice.dto.request.UpdateCategoryRequest
[ERROR] /C:/Users/Dell/IdeaProjects/Product-Service/product-service/src/main/java/com/aeropelican/productservice/controller/ProductController.java:[32,28] cannot find symbol
  symbol:   method <java.util.List<com.aeropelican.productservice.dto.response.ProductResponse>>builder()
  location: class com.aeropelican.productservice.dto.response.ApiResponse
[ERROR] /C:/Users/Dell/IdeaProjects/Product-Service/product-service/src/main/java/com/aeropelican/productservice/controller/ProductController.java:[53,28] cannot find symbol
  symbol:   method <com.aeropelican.productservice.dto.response.ProductResponse>builder()
  location: class com.aeropelican.productservice.dto.response.ApiResponse
[ERROR] /C:/Users/Dell/IdeaProjects/Product-Service/product-service/src/main/java/com/aeropelican/productservice/controller/ProductController.java:[74,28] cannot find symbol
  symbol:   method <com.aeropelican.productservice.dto.response.ProductResponse>builder()
  location: class com.aeropelican.productservice.dto.response.ApiResponse
[ERROR] /C:/Users/Dell/IdeaProjects/Product-Service/product-service/src/main/java/com/aeropelican/productservice/controller/ProductController.java:[97,28] cannot find symbol
  symbol:   method <com.aeropelican.productservice.dto.response.ProductResponse>builder()
  location: class com.aeropelican.productservice.dto.response.ApiResponse
[ERROR] /C:/Users/Dell/IdeaProjects/Product-Service/product-service/src/main/java/com/aeropelican/productservice/controller/ProductController.java:[118,28] cannot find symbol
  symbol:   method <java.lang.String>builder()
  location: class com.aeropelican.productservice.dto.response.ApiResponse
[ERROR] /C:/Users/Dell/IdeaProjects/Product-Service/product-service/src/main/java/com/aeropelican/productservice/service/ProductService.java:[47,64] cannot find symbol
  symbol:   method getCategoryId()
  location: variable request of type com.aeropelican.productservice.dto.request.CreateProductRequest
[ERROR] /C:/Users/Dell/IdeaProjects/Product-Service/product-service/src/main/java/com/aeropelican/productservice/service/ProductService.java:[50,74] cannot find symbol
  symbol:   method getCategoryId()
  location: variable request of type com.aeropelican.productservice.dto.request.CreateProductRequest
[ERROR] /C:/Users/Dell/IdeaProjects/Product-Service/product-service/src/main/java/com/aeropelican/productservice/service/ProductService.java:[54,16] cannot find symbol
  symbol:   method setCategory(com.aeropelican.productservice.entity.Category)
  location: variable product of type com.aeropelican.productservice.entity.Product
[ERROR] /C:/Users/Dell/IdeaProjects/Product-Service/product-service/src/main/java/com/aeropelican/productservice/service/ProductService.java:[55,39] cannot find symbol
  symbol:   method getProductName()
  location: variable request of type com.aeropelican.productservice.dto.request.CreateProductRequest
[ERROR] /C:/Users/Dell/IdeaProjects/Product-Service/product-service/src/main/java/com/aeropelican/productservice/service/ProductService.java:[56,39] cannot find symbol
  symbol:   method getDescription()
  location: variable request of type com.aeropelican.productservice.dto.request.CreateProductRequest
[ERROR] /C:/Users/Dell/IdeaProjects/Product-Service/product-service/src/main/java/com/aeropelican/productservice/service/ProductService.java:[57,33] cannot find symbol
  symbol:   method getBrand()
  location: variable request of type com.aeropelican.productservice.dto.request.CreateProductRequest
[ERROR] /C:/Users/Dell/IdeaProjects/Product-Service/product-service/src/main/java/com/aeropelican/productservice/service/ProductService.java:[58,36] cannot find symbol
  symbol:   method getIsActive()
  location: variable request of type com.aeropelican.productservice.dto.request.CreateProductRequest
[ERROR] /C:/Users/Dell/IdeaProjects/Product-Service/product-service/src/main/java/com/aeropelican/productservice/service/ProductService.java:[74,64] cannot find symbol
  symbol:   method getCategoryId()
  location: variable request of type com.aeropelican.productservice.dto.request.UpdateProductRequest
[ERROR] /C:/Users/Dell/IdeaProjects/Product-Service/product-service/src/main/java/com/aeropelican/productservice/service/ProductService.java:[77,74] cannot find symbol
  symbol:   method getCategoryId()
  location: variable request of type com.aeropelican.productservice.dto.request.UpdateProductRequest
[ERROR] /C:/Users/Dell/IdeaProjects/Product-Service/product-service/src/main/java/com/aeropelican/productservice/service/ProductService.java:[79,16] cannot find symbol
  symbol:   method setCategory(com.aeropelican.productservice.entity.Category)
  location: variable product of type com.aeropelican.productservice.entity.Product
[ERROR] /C:/Users/Dell/IdeaProjects/Product-Service/product-service/src/main/java/com/aeropelican/productservice/service/ProductService.java:[80,39] cannot find symbol
  symbol:   method getProductName()
  location: variable request of type com.aeropelican.productservice.dto.request.UpdateProductRequest
[ERROR] /C:/Users/Dell/IdeaProjects/Product-Service/product-service/src/main/java/com/aeropelican/productservice/service/ProductService.java:[81,39] cannot find symbol
  symbol:   method getDescription()
  location: variable request of type com.aeropelican.productservice.dto.request.UpdateProductRequest
[ERROR] /C:/Users/Dell/IdeaProjects/Product-Service/product-service/src/main/java/com/aeropelican/productservice/service/ProductService.java:[82,33] cannot find symbol
  symbol:   method getBrand()
  location: variable request of type com.aeropelican.productservice.dto.request.UpdateProductRequest
[ERROR] /C:/Users/Dell/IdeaProjects/Product-Service/product-service/src/main/java/com/aeropelican/productservice/service/ProductService.java:[83,36] cannot find symbol
  symbol:   method getIsActive()
  location: variable request of type com.aeropelican.productservice.dto.request.UpdateProductRequest
[ERROR] /C:/Users/Dell/IdeaProjects/Product-Service/product-service/src/main/java/com/aeropelican/productservice/controller/ProductVariantController.java:[34,28] cannot find symbol
  symbol:   method <java.util.List<com.aeropelican.productservice.dto.response.ProductVariantResponse>>builder()
  location: class com.aeropelican.productservice.dto.response.ApiResponse
[ERROR] /C:/Users/Dell/IdeaProjects/Product-Service/product-service/src/main/java/com/aeropelican/productservice/controller/ProductVariantController.java:[59,28] cannot find symbol
  symbol:   method <com.aeropelican.productservice.dto.response.ProductVariantResponse>builder()
  location: class com.aeropelican.productservice.dto.response.ApiResponse
[ERROR] /C:/Users/Dell/IdeaProjects/Product-Service/product-service/src/main/java/com/aeropelican/productservice/controller/ProductVariantController.java:[85,28] cannot find symbol
  symbol:   method <com.aeropelican.productservice.dto.response.ProductVariantResponse>builder()
  location: class com.aeropelican.productservice.dto.response.ApiResponse
[ERROR] /C:/Users/Dell/IdeaProjects/Product-Service/product-service/src/main/java/com/aeropelican/productservice/controller/ProductVariantController.java:[112,28] cannot find symbol
  symbol:   method <com.aeropelican.productservice.dto.response.ProductVariantResponse>builder()
  location: class com.aeropelican.productservice.dto.response.ApiResponse
[ERROR] /C:/Users/Dell/IdeaProjects/Product-Service/product-service/src/main/java/com/aeropelican/productservice/controller/ProductVariantController.java:[137,28] cannot find symbol
  symbol:   method <java.lang.String>builder()
  location: class com.aeropelican.productservice.dto.response.ApiResponse
[ERROR] /C:/Users/Dell/IdeaProjects/Product-Service/product-service/src/main/java/com/aeropelican/productservice/service/ProductVariantService.java:[48,61] cannot find symbol
  symbol:   method getProductId()
  location: variable request of type com.aeropelican.productservice.dto.request.CreateProductVariantRequest
[ERROR] /C:/Users/Dell/IdeaProjects/Product-Service/product-service/src/main/java/com/aeropelican/productservice/service/ProductVariantService.java:[51,73] cannot find symbol
  symbol:   method getProductId()
  location: variable request of type com.aeropelican.productservice.dto.request.CreateProductVariantRequest
[ERROR] /C:/Users/Dell/IdeaProjects/Product-Service/product-service/src/main/java/com/aeropelican/productservice/service/ProductVariantService.java:[55,16] cannot find symbol
  symbol:   method setProduct(com.aeropelican.productservice.entity.Product)
  location: variable variant of type com.aeropelican.productservice.entity.ProductVariant
[ERROR] /C:/Users/Dell/IdeaProjects/Product-Service/product-service/src/main/java/com/aeropelican/productservice/service/ProductVariantService.java:[56,31] cannot find symbol
  symbol:   method getSku()
  location: variable request of type com.aeropelican.productservice.dto.request.CreateProductVariantRequest
[ERROR] /C:/Users/Dell/IdeaProjects/Product-Service/product-service/src/main/java/com/aeropelican/productservice/service/ProductVariantService.java:[57,33] cannot find symbol
  symbol:   method getColor()
  location: variable request of type com.aeropelican.productservice.dto.request.CreateProductVariantRequest
[ERROR] /C:/Users/Dell/IdeaProjects/Product-Service/product-service/src/main/java/com/aeropelican/productservice/service/ProductVariantService.java:[58,43] cannot find symbol
  symbol:   method getStorageCapacity()
  location: variable request of type com.aeropelican.productservice.dto.request.CreateProductVariantRequest
[ERROR] /C:/Users/Dell/IdeaProjects/Product-Service/product-service/src/main/java/com/aeropelican/productservice/service/ProductVariantService.java:[59,33] cannot find symbol
  symbol:   method getPrice()
  location: variable request of type com.aeropelican.productservice.dto.request.CreateProductVariantRequest
[ERROR] /C:/Users/Dell/IdeaProjects/Product-Service/product-service/src/main/java/com/aeropelican/productservice/service/ProductVariantService.java:[60,36] cannot find symbol
  symbol:   method getIsActive()
  location: variable request of type com.aeropelican.productservice.dto.request.CreateProductVariantRequest
[ERROR] /C:/Users/Dell/IdeaProjects/Product-Service/product-service/src/main/java/com/aeropelican/productservice/service/ProductVariantService.java:[61,16] cannot find symbol
  symbol:   method setCreatedAt(java.time.LocalDateTime)
  location: variable variant of type com.aeropelican.productservice.entity.ProductVariant
[ERROR] /C:/Users/Dell/IdeaProjects/Product-Service/product-service/src/main/java/com/aeropelican/productservice/service/ProductVariantService.java:[77,61] cannot find symbol
  symbol:   method getProductId()
  location: variable request of type com.aeropelican.productservice.dto.request.UpdateProductVariantRequest
[ERROR] /C:/Users/Dell/IdeaProjects/Product-Service/product-service/src/main/java/com/aeropelican/productservice/service/ProductVariantService.java:[80,73] cannot find symbol
  symbol:   method getProductId()
  location: variable request of type com.aeropelican.productservice.dto.request.UpdateProductVariantRequest
[ERROR] /C:/Users/Dell/IdeaProjects/Product-Service/product-service/src/main/java/com/aeropelican/productservice/service/ProductVariantService.java:[82,16] cannot find symbol
  symbol:   method setProduct(com.aeropelican.productservice.entity.Product)
  location: variable variant of type com.aeropelican.productservice.entity.ProductVariant
[ERROR] /C:/Users/Dell/IdeaProjects/Product-Service/product-service/src/main/java/com/aeropelican/productservice/service/ProductVariantService.java:[83,31] cannot find symbol
  symbol:   method getSku()
  location: variable request of type com.aeropelican.productservice.dto.request.UpdateProductVariantRequest
[ERROR] /C:/Users/Dell/IdeaProjects/Product-Service/product-service/src/main/java/com/aeropelican/productservice/service/ProductVariantService.java:[84,33] cannot find symbol
  symbol:   method getColor()
  location: variable request of type com.aeropelican.productservice.dto.request.UpdateProductVariantRequest
[ERROR] /C:/Users/Dell/IdeaProjects/Product-Service/product-service/src/main/java/com/aeropelican/productservice/service/ProductVariantService.java:[85,43] cannot find symbol
  symbol:   method getStorageCapacity()
  location: variable request of type com.aeropelican.productservice.dto.request.UpdateProductVariantRequest
[ERROR] /C:/Users/Dell/IdeaProjects/Product-Service/product-service/src/main/java/com/aeropelican/productservice/service/ProductVariantService.java:[86,33] cannot find symbol
  symbol:   method getPrice()
  location: variable request of type com.aeropelican.productservice.dto.request.UpdateProductVariantRequest
[ERROR] /C:/Users/Dell/IdeaProjects/Product-Service/product-service/src/main/java/com/aeropelican/productservice/service/ProductVariantService.java:[87,36] cannot find symbol
  symbol:   method getIsActive()
  location: variable request of type com.aeropelican.productservice.dto.request.UpdateProductVariantRequest
[ERROR] /C:/Users/Dell/IdeaProjects/Product-Service/product-service/src/main/java/com/aeropelican/productservice/exception/GlobalExceptionHandler.java:[19,51] cannot find symbol
  symbol:   method builder()
  location: class com.aeropelican.productservice.dto.response.ApiResponse
[ERROR] /C:/Users/Dell/IdeaProjects/Product-Service/product-service/src/main/java/com/aeropelican/productservice/exception/GlobalExceptionHandler.java:[32,51] cannot find symbol
  symbol:   method builder()
  location: class com.aeropelican.productservice.dto.response.ApiResponse
[ERROR] /C:/Users/Dell/IdeaProjects/Product-Service/product-service/src/main/java/com/aeropelican/productservice/exception/GlobalExceptionHandler.java:[45,51] cannot find symbol
  symbol:   method builder()
  location: class com.aeropelican.productservice.dto.response.ApiResponse
[ERROR] /C:/Users/Dell/IdeaProjects/Product-Service/product-service/src/main/java/com/aeropelican/productservice/exception/GlobalExceptionHandler.java:[58,51] cannot find symbol
  symbol:   method builder()
  location: class com.aeropelican.productservice.dto.response.ApiResponse
[ERROR] /C:/Users/Dell/IdeaProjects/Product-Service/product-service/src/main/java/com/aeropelican/productservice/exception/GlobalExceptionHandler.java:[72,51] cannot find symbol
  symbol:   method builder()
  location: class com.aeropelican.productservice.dto.response.ApiResponse
[ERROR] /C:/Users/Dell/IdeaProjects/Product-Service/product-service/src/main/java/com/aeropelican/productservice/exception/GlobalExceptionHandler.java:[85,51] cannot find symbol
  symbol:   method builder()
  location: class com.aeropelican.productservice.dto.response.ApiResponse
[ERROR] /C:/Users/Dell/IdeaProjects/Product-Service/product-service/src/main/java/com/aeropelican/productservice/exception/GlobalExceptionHandler.java:[101,28] cannot find symbol
  symbol:   method builder()
  location: class com.aeropelican.productservice.dto.response.ApiResponse
[ERROR] /C:/Users/Dell/IdeaProjects/Product-Service/product-service/src/main/java/com/aeropelican/productservice/mapper/CategoryMapper.java:[17,32] cannot find symbol
  symbol:   method builder()
  location: class com.aeropelican.productservice.dto.response.CategoryResponse
[ERROR] /C:/Users/Dell/IdeaProjects/Product-Service/product-service/src/main/java/com/aeropelican/productservice/mapper/CategoryMapper.java:[18,37] cannot find symbol
  symbol:   method getCategoryId()
  location: variable category of type com.aeropelican.productservice.entity.Category
[ERROR] /C:/Users/Dell/IdeaProjects/Product-Service/product-service/src/main/java/com/aeropelican/productservice/mapper/CategoryMapper.java:[19,39] cannot find symbol
  symbol:   method getCategoryName()
  location: variable category of type com.aeropelican.productservice.entity.Category
[ERROR] /C:/Users/Dell/IdeaProjects/Product-Service/product-service/src/main/java/com/aeropelican/productservice/mapper/CategoryMapper.java:[20,38] cannot find symbol
  symbol:   method getDescription()
  location: variable category of type com.aeropelican.productservice.entity.Category
[ERROR] /C:/Users/Dell/IdeaProjects/Product-Service/product-service/src/main/java/com/aeropelican/productservice/mapper/CategoryMapper.java:[21,35] cannot find symbol
  symbol:   method getIsActive()
  location: variable category of type com.aeropelican.productservice.entity.Category
[ERROR] /C:/Users/Dell/IdeaProjects/Product-Service/product-service/src/main/java/com/aeropelican/productservice/mapper/ProductMapper.java:[17,31] cannot find symbol
  symbol:   method builder()
  location: class com.aeropelican.productservice.dto.response.ProductResponse
[ERROR] /C:/Users/Dell/IdeaProjects/Product-Service/product-service/src/main/java/com/aeropelican/productservice/mapper/ProductMapper.java:[18,35] cannot find symbol
  symbol:   method getProductId()
  location: variable product of type com.aeropelican.productservice.entity.Product
[ERROR] /C:/Users/Dell/IdeaProjects/Product-Service/product-service/src/main/java/com/aeropelican/productservice/mapper/ProductMapper.java:[19,36] cannot find symbol
  symbol:   method getCategory()
  location: variable product of type com.aeropelican.productservice.entity.Product
[ERROR] /C:/Users/Dell/IdeaProjects/Product-Service/product-service/src/main/java/com/aeropelican/productservice/mapper/ProductMapper.java:[20,38] cannot find symbol
  symbol:   method getCategory()
  location: variable product of type com.aeropelican.productservice.entity.Product
[ERROR] /C:/Users/Dell/IdeaProjects/Product-Service/product-service/src/main/java/com/aeropelican/productservice/mapper/ProductMapper.java:[21,37] cannot find symbol
  symbol:   method getProductName()
  location: variable product of type com.aeropelican.productservice.entity.Product
[ERROR] /C:/Users/Dell/IdeaProjects/Product-Service/product-service/src/main/java/com/aeropelican/productservice/mapper/ProductMapper.java:[22,37] cannot find symbol
  symbol:   method getDescription()
  location: variable product of type com.aeropelican.productservice.entity.Product
[ERROR] /C:/Users/Dell/IdeaProjects/Product-Service/product-service/src/main/java/com/aeropelican/productservice/mapper/ProductMapper.java:[23,31] cannot find symbol
  symbol:   method getBrand()
  location: variable product of type com.aeropelican.productservice.entity.Product
[ERROR] /C:/Users/Dell/IdeaProjects/Product-Service/product-service/src/main/java/com/aeropelican/productservice/mapper/ProductMapper.java:[24,34] cannot find symbol
  symbol:   method getIsActive()
  location: variable product of type com.aeropelican.productservice.entity.Product
[ERROR] /C:/Users/Dell/IdeaProjects/Product-Service/product-service/src/main/java/com/aeropelican/productservice/mapper/ProductVariantMapper.java:[17,38] cannot find symbol
  symbol:   method builder()
  location: class com.aeropelican.productservice.dto.response.ProductVariantResponse
[ERROR] /C:/Users/Dell/IdeaProjects/Product-Service/product-service/src/main/java/com/aeropelican/productservice/mapper/ProductVariantMapper.java:[18,35] cannot find symbol
  symbol:   method getVariantId()
  location: variable variant of type com.aeropelican.productservice.entity.ProductVariant
[ERROR] /C:/Users/Dell/IdeaProjects/Product-Service/product-service/src/main/java/com/aeropelican/productservice/mapper/ProductVariantMapper.java:[19,35] cannot find symbol
  symbol:   method getProduct()
  location: variable variant of type com.aeropelican.productservice.entity.ProductVariant
[ERROR] /C:/Users/Dell/IdeaProjects/Product-Service/product-service/src/main/java/com/aeropelican/productservice/mapper/ProductVariantMapper.java:[20,37] cannot find symbol
  symbol:   method getProduct()
  location: variable variant of type com.aeropelican.productservice.entity.ProductVariant
[ERROR] /C:/Users/Dell/IdeaProjects/Product-Service/product-service/src/main/java/com/aeropelican/productservice/mapper/ProductVariantMapper.java:[21,29] cannot find symbol
  symbol:   method getSku()
  location: variable variant of type com.aeropelican.productservice.entity.ProductVariant
[ERROR] /C:/Users/Dell/IdeaProjects/Product-Service/product-service/src/main/java/com/aeropelican/productservice/mapper/ProductVariantMapper.java:[22,31] cannot find symbol
  symbol:   method getColor()
  location: variable variant of type com.aeropelican.productservice.entity.ProductVariant
[ERROR] /C:/Users/Dell/IdeaProjects/Product-Service/product-service/src/main/java/com/aeropelican/productservice/mapper/ProductVariantMapper.java:[23,41] cannot find symbol
  symbol:   method getStorageCapacity()
  location: variable variant of type com.aeropelican.productservice.entity.ProductVariant
[ERROR] /C:/Users/Dell/IdeaProjects/Product-Service/product-service/src/main/java/com/aeropelican/productservice/mapper/ProductVariantMapper.java:[24,31] cannot find symbol
  symbol:   method getPrice()
  location: variable variant of type com.aeropelican.productservice.entity.ProductVariant
[ERROR] /C:/Users/Dell/IdeaProjects/Product-Service/product-service/src/main/java/com/aeropelican/productservice/mapper/ProductVariantMapper.java:[25,34] cannot find symbol
  symbol:   method getIsActive()
  location: variable variant of type com.aeropelican.productservice.entity.ProductVariant
[INFO] 82 errors 
[INFO] -------------------------------------------------------------
[DEBUG] Adding C:\Users\Dell\IdeaProjects\Product-Service\product-service\target\generated-sources\annotations to the project compile source roots but NOT the actual compile source roots:
  C:\Users\Dell\IdeaProjects\Product-Service\product-service\src\main\java
[INFO] ------------------------------------------------------------------------
[INFO] BUILD FAILURE
[INFO] ------------------------------------------------------------------------
[INFO] Total time:  4.862 s
[INFO] Finished at: 2026-07-29T16:00:24+05:30
[INFO] ------------------------------------------------------------------------
[ERROR] Failed to execute goal org.apache.maven.plugins:maven-compiler-plugin:3.14.1:compile (default-compile) on project product-service: Compilation failure: Compilation failure: 
[ERROR] /C:/Users/Dell/IdeaProjects/Product-Service/product-service/src/main/java/com/aeropelican/productservice/controller/CategoryController.java:[32,28] cannot find symbol
[ERROR]   symbol:   method <java.util.List<com.aeropelican.productservice.dto.response.CategoryResponse>>builder()
[ERROR]   location: class com.aeropelican.productservice.dto.response.ApiResponse
[ERROR] /C:/Users/Dell/IdeaProjects/Product-Service/product-service/src/main/java/com/aeropelican/productservice/controller/CategoryController.java:[53,28] cannot find symbol
[ERROR]   symbol:   method <com.aeropelican.productservice.dto.response.CategoryResponse>builder()
[ERROR]   location: class com.aeropelican.productservice.dto.response.ApiResponse
[ERROR] /C:/Users/Dell/IdeaProjects/Product-Service/product-service/src/main/java/com/aeropelican/productservice/controller/CategoryController.java:[74,28] cannot find symbol
[ERROR]   symbol:   method <com.aeropelican.productservice.dto.response.CategoryResponse>builder()
[ERROR]   location: class com.aeropelican.productservice.dto.response.ApiResponse
[ERROR] /C:/Users/Dell/IdeaProjects/Product-Service/product-service/src/main/java/com/aeropelican/productservice/controller/CategoryController.java:[97,28] cannot find symbol
[ERROR]   symbol:   method <com.aeropelican.productservice.dto.response.CategoryResponse>builder()
[ERROR]   location: class com.aeropelican.productservice.dto.response.ApiResponse
[ERROR] /C:/Users/Dell/IdeaProjects/Product-Service/product-service/src/main/java/com/aeropelican/productservice/controller/CategoryController.java:[118,28] cannot find symbol
[ERROR]   symbol:   method <java.lang.String>builder()
[ERROR]   location: class com.aeropelican.productservice.dto.response.ApiResponse
[ERROR] /C:/Users/Dell/IdeaProjects/Product-Service/product-service/src/main/java/com/aeropelican/productservice/service/CategoryService.java:[47,41] cannot find symbol
[ERROR]   symbol:   method getCategoryName()
[ERROR]   location: variable request of type com.aeropelican.productservice.dto.request.CreateCategoryRequest
[ERROR] /C:/Users/Dell/IdeaProjects/Product-Service/product-service/src/main/java/com/aeropelican/productservice/service/CategoryService.java:[48,40] cannot find symbol
[ERROR]   symbol:   method getDescription()
[ERROR]   location: variable request of type com.aeropelican.productservice.dto.request.CreateCategoryRequest
[ERROR] /C:/Users/Dell/IdeaProjects/Product-Service/product-service/src/main/java/com/aeropelican/productservice/service/CategoryService.java:[49,37] cannot find symbol
[ERROR]   symbol:   method getIsActive()
[ERROR]   location: variable request of type com.aeropelican.productservice.dto.request.CreateCategoryRequest
[ERROR] /C:/Users/Dell/IdeaProjects/Product-Service/product-service/src/main/java/com/aeropelican/productservice/service/CategoryService.java:[50,17] cannot find symbol
[ERROR]   symbol:   method setCreatedAt(java.time.LocalDateTime)
[ERROR]   location: variable category of type com.aeropelican.productservice.entity.Category
[ERROR] /C:/Users/Dell/IdeaProjects/Product-Service/product-service/src/main/java/com/aeropelican/productservice/service/CategoryService.java:[66,41] cannot find symbol
[ERROR]   symbol:   method getCategoryName()
[ERROR]   location: variable request of type com.aeropelican.productservice.dto.request.UpdateCategoryRequest
[ERROR] /C:/Users/Dell/IdeaProjects/Product-Service/product-service/src/main/java/com/aeropelican/productservice/service/CategoryService.java:[67,40] cannot find symbol
[ERROR]   symbol:   method getDescription()
[ERROR]   location: variable request of type com.aeropelican.productservice.dto.request.UpdateCategoryRequest
[ERROR] /C:/Users/Dell/IdeaProjects/Product-Service/product-service/src/main/java/com/aeropelican/productservice/service/CategoryService.java:[68,37] cannot find symbol
[ERROR]   symbol:   method getIsActive()
[ERROR]   location: variable request of type com.aeropelican.productservice.dto.request.UpdateCategoryRequest
[ERROR] /C:/Users/Dell/IdeaProjects/Product-Service/product-service/src/main/java/com/aeropelican/productservice/controller/ProductController.java:[32,28] cannot find symbol
[ERROR]   symbol:   method <java.util.List<com.aeropelican.productservice.dto.response.ProductResponse>>builder()
[ERROR]   location: class com.aeropelican.productservice.dto.response.ApiResponse
[ERROR] /C:/Users/Dell/IdeaProjects/Product-Service/product-service/src/main/java/com/aeropelican/productservice/controller/ProductController.java:[53,28] cannot find symbol
[ERROR]   symbol:   method <com.aeropelican.productservice.dto.response.ProductResponse>builder()
[ERROR]   location: class com.aeropelican.productservice.dto.response.ApiResponse
[ERROR] /C:/Users/Dell/IdeaProjects/Product-Service/product-service/src/main/java/com/aeropelican/productservice/controller/ProductController.java:[74,28] cannot find symbol
[ERROR]   symbol:   method <com.aeropelican.productservice.dto.response.ProductResponse>builder()
[ERROR]   location: class com.aeropelican.productservice.dto.response.ApiResponse
[ERROR] /C:/Users/Dell/IdeaProjects/Product-Service/product-service/src/main/java/com/aeropelican/productservice/controller/ProductController.java:[97,28] cannot find symbol
[ERROR]   symbol:   method <com.aeropelican.productservice.dto.response.ProductResponse>builder()
[ERROR]   location: class com.aeropelican.productservice.dto.response.ApiResponse
[ERROR] /C:/Users/Dell/IdeaProjects/Product-Service/product-service/src/main/java/com/aeropelican/productservice/controller/ProductController.java:[118,28] cannot find symbol
[ERROR]   symbol:   method <java.lang.String>builder()
[ERROR]   location: class com.aeropelican.productservice.dto.response.ApiResponse
[ERROR] /C:/Users/Dell/IdeaProjects/Product-Service/product-service/src/main/java/com/aeropelican/productservice/service/ProductService.java:[47,64] cannot find symbol
[ERROR]   symbol:   method getCategoryId()
[ERROR]   location: variable request of type com.aeropelican.productservice.dto.request.CreateProductRequest
[ERROR] /C:/Users/Dell/IdeaProjects/Product-Service/product-service/src/main/java/com/aeropelican/productservice/service/ProductService.java:[50,74] cannot find symbol
[ERROR]   symbol:   method getCategoryId()
[ERROR]   location: variable request of type com.aeropelican.productservice.dto.request.CreateProductRequest
[ERROR] /C:/Users/Dell/IdeaProjects/Product-Service/product-service/src/main/java/com/aeropelican/productservice/service/ProductService.java:[54,16] cannot find symbol
[ERROR]   symbol:   method setCategory(com.aeropelican.productservice.entity.Category)
[ERROR]   location: variable product of type com.aeropelican.productservice.entity.Product
[ERROR] /C:/Users/Dell/IdeaProjects/Product-Service/product-service/src/main/java/com/aeropelican/productservice/service/ProductService.java:[55,39] cannot find symbol
[ERROR]   symbol:   method getProductName()
[ERROR]   location: variable request of type com.aeropelican.productservice.dto.request.CreateProductRequest
[ERROR] /C:/Users/Dell/IdeaProjects/Product-Service/product-service/src/main/java/com/aeropelican/productservice/service/ProductService.java:[56,39] cannot find symbol
[ERROR]   symbol:   method getDescription()
[ERROR]   location: variable request of type com.aeropelican.productservice.dto.request.CreateProductRequest
[ERROR] /C:/Users/Dell/IdeaProjects/Product-Service/product-service/src/main/java/com/aeropelican/productservice/service/ProductService.java:[57,33] cannot find symbol
[ERROR]   symbol:   method getBrand()
[ERROR]   location: variable request of type com.aeropelican.productservice.dto.request.CreateProductRequest
[ERROR] /C:/Users/Dell/IdeaProjects/Product-Service/product-service/src/main/java/com/aeropelican/productservice/service/ProductService.java:[58,36] cannot find symbol
[ERROR]   symbol:   method getIsActive()
[ERROR]   location: variable request of type com.aeropelican.productservice.dto.request.CreateProductRequest
[ERROR] /C:/Users/Dell/IdeaProjects/Product-Service/product-service/src/main/java/com/aeropelican/productservice/service/ProductService.java:[74,64] cannot find symbol
[ERROR]   symbol:   method getCategoryId()
[ERROR]   location: variable request of type com.aeropelican.productservice.dto.request.UpdateProductRequest
[ERROR] /C:/Users/Dell/IdeaProjects/Product-Service/product-service/src/main/java/com/aeropelican/productservice/service/ProductService.java:[77,74] cannot find symbol
[ERROR]   symbol:   method getCategoryId()
[ERROR]   location: variable request of type com.aeropelican.productservice.dto.request.UpdateProductRequest
[ERROR] /C:/Users/Dell/IdeaProjects/Product-Service/product-service/src/main/java/com/aeropelican/productservice/service/ProductService.java:[79,16] cannot find symbol
[ERROR]   symbol:   method setCategory(com.aeropelican.productservice.entity.Category)
[ERROR]   location: variable product of type com.aeropelican.productservice.entity.Product
[ERROR] /C:/Users/Dell/IdeaProjects/Product-Service/product-service/src/main/java/com/aeropelican/productservice/service/ProductService.java:[80,39] cannot find symbol
[ERROR]   symbol:   method getProductName()
[ERROR]   location: variable request of type com.aeropelican.productservice.dto.request.UpdateProductRequest
[ERROR] /C:/Users/Dell/IdeaProjects/Product-Service/product-service/src/main/java/com/aeropelican/productservice/service/ProductService.java:[81,39] cannot find symbol
[ERROR]   symbol:   method getDescription()
[ERROR]   location: variable request of type com.aeropelican.productservice.dto.request.UpdateProductRequest
[ERROR] /C:/Users/Dell/IdeaProjects/Product-Service/product-service/src/main/java/com/aeropelican/productservice/service/ProductService.java:[82,33] cannot find symbol
[ERROR]   symbol:   method getBrand()
[ERROR]   location: variable request of type com.aeropelican.productservice.dto.request.UpdateProductRequest
[ERROR] /C:/Users/Dell/IdeaProjects/Product-Service/product-service/src/main/java/com/aeropelican/productservice/service/ProductService.java:[83,36] cannot find symbol
[ERROR]   symbol:   method getIsActive()
[ERROR]   location: variable request of type com.aeropelican.productservice.dto.request.UpdateProductRequest
[ERROR] /C:/Users/Dell/IdeaProjects/Product-Service/product-service/src/main/java/com/aeropelican/productservice/controller/ProductVariantController.java:[34,28] cannot find symbol
[ERROR]   symbol:   method <java.util.List<com.aeropelican.productservice.dto.response.ProductVariantResponse>>builder()
[ERROR]   location: class com.aeropelican.productservice.dto.response.ApiResponse
[ERROR] /C:/Users/Dell/IdeaProjects/Product-Service/product-service/src/main/java/com/aeropelican/productservice/controller/ProductVariantController.java:[59,28] cannot find symbol
[ERROR]   symbol:   method <com.aeropelican.productservice.dto.response.ProductVariantResponse>builder()
[ERROR]   location: class com.aeropelican.productservice.dto.response.ApiResponse
[ERROR] /C:/Users/Dell/IdeaProjects/Product-Service/product-service/src/main/java/com/aeropelican/productservice/controller/ProductVariantController.java:[85,28] cannot find symbol
[ERROR]   symbol:   method <com.aeropelican.productservice.dto.response.ProductVariantResponse>builder()
[ERROR]   location: class com.aeropelican.productservice.dto.response.ApiResponse
[ERROR] /C:/Users/Dell/IdeaProjects/Product-Service/product-service/src/main/java/com/aeropelican/productservice/controller/ProductVariantController.java:[112,28] cannot find symbol
[ERROR]   symbol:   method <com.aeropelican.productservice.dto.response.ProductVariantResponse>builder()
[ERROR]   location: class com.aeropelican.productservice.dto.response.ApiResponse
[ERROR] /C:/Users/Dell/IdeaProjects/Product-Service/product-service/src/main/java/com/aeropelican/productservice/controller/ProductVariantController.java:[137,28] cannot find symbol
[ERROR]   symbol:   method <java.lang.String>builder()
[ERROR]   location: class com.aeropelican.productservice.dto.response.ApiResponse
[ERROR] /C:/Users/Dell/IdeaProjects/Product-Service/product-service/src/main/java/com/aeropelican/productservice/service/ProductVariantService.java:[48,61] cannot find symbol
[ERROR]   symbol:   method getProductId()
[ERROR]   location: variable request of type com.aeropelican.productservice.dto.request.CreateProductVariantRequest
[ERROR] /C:/Users/Dell/IdeaProjects/Product-Service/product-service/src/main/java/com/aeropelican/productservice/service/ProductVariantService.java:[51,73] cannot find symbol
[ERROR]   symbol:   method getProductId()
[ERROR]   location: variable request of type com.aeropelican.productservice.dto.request.CreateProductVariantRequest
[ERROR] /C:/Users/Dell/IdeaProjects/Product-Service/product-service/src/main/java/com/aeropelican/productservice/service/ProductVariantService.java:[55,16] cannot find symbol
[ERROR]   symbol:   method setProduct(com.aeropelican.productservice.entity.Product)
[ERROR]   location: variable variant of type com.aeropelican.productservice.entity.ProductVariant
[ERROR] /C:/Users/Dell/IdeaProjects/Product-Service/product-service/src/main/java/com/aeropelican/productservice/service/ProductVariantService.java:[56,31] cannot find symbol
[ERROR]   symbol:   method getSku()
[ERROR]   location: variable request of type com.aeropelican.productservice.dto.request.CreateProductVariantRequest
[ERROR] /C:/Users/Dell/IdeaProjects/Product-Service/product-service/src/main/java/com/aeropelican/productservice/service/ProductVariantService.java:[57,33] cannot find symbol
[ERROR]   symbol:   method getColor()
[ERROR]   location: variable request of type com.aeropelican.productservice.dto.request.CreateProductVariantRequest
[ERROR] /C:/Users/Dell/IdeaProjects/Product-Service/product-service/src/main/java/com/aeropelican/productservice/service/ProductVariantService.java:[58,43] cannot find symbol
[ERROR]   symbol:   method getStorageCapacity()
[ERROR]   location: variable request of type com.aeropelican.productservice.dto.request.CreateProductVariantRequest
[ERROR] /C:/Users/Dell/IdeaProjects/Product-Service/product-service/src/main/java/com/aeropelican/productservice/service/ProductVariantService.java:[59,33] cannot find symbol
[ERROR]   symbol:   method getPrice()
[ERROR]   location: variable request of type com.aeropelican.productservice.dto.request.CreateProductVariantRequest
[ERROR] /C:/Users/Dell/IdeaProjects/Product-Service/product-service/src/main/java/com/aeropelican/productservice/service/ProductVariantService.java:[60,36] cannot find symbol
[ERROR]   symbol:   method getIsActive()
[ERROR]   location: variable request of type com.aeropelican.productservice.dto.request.CreateProductVariantRequest
[ERROR] /C:/Users/Dell/IdeaProjects/Product-Service/product-service/src/main/java/com/aeropelican/productservice/service/ProductVariantService.java:[61,16] cannot find symbol
[ERROR]   symbol:   method setCreatedAt(java.time.LocalDateTime)
[ERROR]   location: variable variant of type com.aeropelican.productservice.entity.ProductVariant
[ERROR] /C:/Users/Dell/IdeaProjects/Product-Service/product-service/src/main/java/com/aeropelican/productservice/service/ProductVariantService.java:[77,61] cannot find symbol
[ERROR]   symbol:   method getProductId()
[ERROR]   location: variable request of type com.aeropelican.productservice.dto.request.UpdateProductVariantRequest
[ERROR] /C:/Users/Dell/IdeaProjects/Product-Service/product-service/src/main/java/com/aeropelican/productservice/service/ProductVariantService.java:[80,73] cannot find symbol
[ERROR]   symbol:   method getProductId()
[ERROR]   location: variable request of type com.aeropelican.productservice.dto.request.UpdateProductVariantRequest
[ERROR] /C:/Users/Dell/IdeaProjects/Product-Service/product-service/src/main/java/com/aeropelican/productservice/service/ProductVariantService.java:[82,16] cannot find symbol
[ERROR]   symbol:   method setProduct(com.aeropelican.productservice.entity.Product)
[ERROR]   location: variable variant of type com.aeropelican.productservice.entity.ProductVariant
[ERROR] /C:/Users/Dell/IdeaProjects/Product-Service/product-service/src/main/java/com/aeropelican/productservice/service/ProductVariantService.java:[83,31] cannot find symbol
[ERROR]   symbol:   method getSku()
[ERROR]   location: variable request of type com.aeropelican.productservice.dto.request.UpdateProductVariantRequest
[ERROR] /C:/Users/Dell/IdeaProjects/Product-Service/product-service/src/main/java/com/aeropelican/productservice/service/ProductVariantService.java:[84,33] cannot find symbol
[ERROR]   symbol:   method getColor()
[ERROR]   location: variable request of type com.aeropelican.productservice.dto.request.UpdateProductVariantRequest
[ERROR] /C:/Users/Dell/IdeaProjects/Product-Service/product-service/src/main/java/com/aeropelican/productservice/service/ProductVariantService.java:[85,43] cannot find symbol
[ERROR]   symbol:   method getStorageCapacity()
[ERROR]   location: variable request of type com.aeropelican.productservice.dto.request.UpdateProductVariantRequest
[ERROR] /C:/Users/Dell/IdeaProjects/Product-Service/product-service/src/main/java/com/aeropelican/productservice/service/ProductVariantService.java:[86,33] cannot find symbol
[ERROR]   symbol:   method getPrice()
[ERROR]   location: variable request of type com.aeropelican.productservice.dto.request.UpdateProductVariantRequest
[ERROR] /C:/Users/Dell/IdeaProjects/Product-Service/product-service/src/main/java/com/aeropelican/productservice/service/ProductVariantService.java:[87,36] cannot find symbol
[ERROR]   symbol:   method getIsActive()
[ERROR]   location: variable request of type com.aeropelican.productservice.dto.request.UpdateProductVariantRequest
[ERROR] /C:/Users/Dell/IdeaProjects/Product-Service/product-service/src/main/java/com/aeropelican/productservice/exception/GlobalExceptionHandler.java:[19,51] cannot find symbol
[ERROR]   symbol:   method builder()
[ERROR]   location: class com.aeropelican.productservice.dto.response.ApiResponse
[ERROR] /C:/Users/Dell/IdeaProjects/Product-Service/product-service/src/main/java/com/aeropelican/productservice/exception/GlobalExceptionHandler.java:[32,51] cannot find symbol
[ERROR]   symbol:   method builder()
[ERROR]   location: class com.aeropelican.productservice.dto.response.ApiResponse
[ERROR] /C:/Users/Dell/IdeaProjects/Product-Service/product-service/src/main/java/com/aeropelican/productservice/exception/GlobalExceptionHandler.java:[45,51] cannot find symbol
[ERROR]   symbol:   method builder()
[ERROR]   location: class com.aeropelican.productservice.dto.response.ApiResponse
[ERROR] /C:/Users/Dell/IdeaProjects/Product-Service/product-service/src/main/java/com/aeropelican/productservice/exception/GlobalExceptionHandler.java:[58,51] cannot find symbol
[ERROR]   symbol:   method builder()
[ERROR]   location: class com.aeropelican.productservice.dto.response.ApiResponse
[ERROR] /C:/Users/Dell/IdeaProjects/Product-Service/product-service/src/main/java/com/aeropelican/productservice/exception/GlobalExceptionHandler.java:[72,51] cannot find symbol
[ERROR]   symbol:   method builder()
[ERROR]   location: class com.aeropelican.productservice.dto.response.ApiResponse
[ERROR] /C:/Users/Dell/IdeaProjects/Product-Service/product-service/src/main/java/com/aeropelican/productservice/exception/GlobalExceptionHandler.java:[85,51] cannot find symbol
[ERROR]   symbol:   method builder()
[ERROR]   location: class com.aeropelican.productservice.dto.response.ApiResponse
[ERROR] /C:/Users/Dell/IdeaProjects/Product-Service/product-service/src/main/java/com/aeropelican/productservice/exception/GlobalExceptionHandler.java:[101,28] cannot find symbol
[ERROR]   symbol:   method builder()
[ERROR]   location: class com.aeropelican.productservice.dto.response.ApiResponse
[ERROR] /C:/Users/Dell/IdeaProjects/Product-Service/product-service/src/main/java/com/aeropelican/productservice/mapper/CategoryMapper.java:[17,32] cannot find symbol
[ERROR]   symbol:   method builder()
[ERROR]   location: class com.aeropelican.productservice.dto.response.CategoryResponse
[ERROR] /C:/Users/Dell/IdeaProjects/Product-Service/product-service/src/main/java/com/aeropelican/productservice/mapper/CategoryMapper.java:[18,37] cannot find symbol
[ERROR]   symbol:   method getCategoryId()
[ERROR]   location: variable category of type com.aeropelican.productservice.entity.Category
[ERROR] /C:/Users/Dell/IdeaProjects/Product-Service/product-service/src/main/java/com/aeropelican/productservice/mapper/CategoryMapper.java:[19,39] cannot find symbol
[ERROR]   symbol:   method getCategoryName()
[ERROR]   location: variable category of type com.aeropelican.productservice.entity.Category
[ERROR] /C:/Users/Dell/IdeaProjects/Product-Service/product-service/src/main/java/com/aeropelican/productservice/mapper/CategoryMapper.java:[20,38] cannot find symbol
[ERROR]   symbol:   method getDescription()
[ERROR]   location: variable category of type com.aeropelican.productservice.entity.Category
[ERROR] /C:/Users/Dell/IdeaProjects/Product-Service/product-service/src/main/java/com/aeropelican/productservice/mapper/CategoryMapper.java:[21,35] cannot find symbol
[ERROR]   symbol:   method getIsActive()
[ERROR]   location: variable category of type com.aeropelican.productservice.entity.Category
[ERROR] /C:/Users/Dell/IdeaProjects/Product-Service/product-service/src/main/java/com/aeropelican/productservice/mapper/ProductMapper.java:[17,31] cannot find symbol
[ERROR]   symbol:   method builder()
[ERROR]   location: class com.aeropelican.productservice.dto.response.ProductResponse
[ERROR] /C:/Users/Dell/IdeaProjects/Product-Service/product-service/src/main/java/com/aeropelican/productservice/mapper/ProductMapper.java:[18,35] cannot find symbol
[ERROR]   symbol:   method getProductId()
[ERROR]   location: variable product of type com.aeropelican.productservice.entity.Product
[ERROR] /C:/Users/Dell/IdeaProjects/Product-Service/product-service/src/main/java/com/aeropelican/productservice/mapper/ProductMapper.java:[19,36] cannot find symbol
[ERROR]   symbol:   method getCategory()
[ERROR]   location: variable product of type com.aeropelican.productservice.entity.Product
[ERROR] /C:/Users/Dell/IdeaProjects/Product-Service/product-service/src/main/java/com/aeropelican/productservice/mapper/ProductMapper.java:[20,38] cannot find symbol
[ERROR]   symbol:   method getCategory()
[ERROR]   location: variable product of type com.aeropelican.productservice.entity.Product
[ERROR] /C:/Users/Dell/IdeaProjects/Product-Service/product-service/src/main/java/com/aeropelican/productservice/mapper/ProductMapper.java:[21,37] cannot find symbol
[ERROR]   symbol:   method getProductName()
[ERROR]   location: variable product of type com.aeropelican.productservice.entity.Product
[ERROR] /C:/Users/Dell/IdeaProjects/Product-Service/product-service/src/main/java/com/aeropelican/productservice/mapper/ProductMapper.java:[22,37] cannot find symbol
[ERROR]   symbol:   method getDescription()
[ERROR]   location: variable product of type com.aeropelican.productservice.entity.Product
[ERROR] /C:/Users/Dell/IdeaProjects/Product-Service/product-service/src/main/java/com/aeropelican/productservice/mapper/ProductMapper.java:[23,31] cannot find symbol
[ERROR]   symbol:   method getBrand()
[ERROR]   location: variable product of type com.aeropelican.productservice.entity.Product
[ERROR] /C:/Users/Dell/IdeaProjects/Product-Service/product-service/src/main/java/com/aeropelican/productservice/mapper/ProductMapper.java:[24,34] cannot find symbol
[ERROR]   symbol:   method getIsActive()
[ERROR]   location: variable product of type com.aeropelican.productservice.entity.Product
[ERROR] /C:/Users/Dell/IdeaProjects/Product-Service/product-service/src/main/java/com/aeropelican/productservice/mapper/ProductVariantMapper.java:[17,38] cannot find symbol
[ERROR]   symbol:   method builder()
[ERROR]   location: class com.aeropelican.productservice.dto.response.ProductVariantResponse
[ERROR] /C:/Users/Dell/IdeaProjects/Product-Service/product-service/src/main/java/com/aeropelican/productservice/mapper/ProductVariantMapper.java:[18,35] cannot find symbol
[ERROR]   symbol:   method getVariantId()
[ERROR]   location: variable variant of type com.aeropelican.productservice.entity.ProductVariant
[ERROR] /C:/Users/Dell/IdeaProjects/Product-Service/product-service/src/main/java/com/aeropelican/productservice/mapper/ProductVariantMapper.java:[19,35] cannot find symbol
[ERROR]   symbol:   method getProduct()
[ERROR]   location: variable variant of type com.aeropelican.productservice.entity.ProductVariant
[ERROR] /C:/Users/Dell/IdeaProjects/Product-Service/product-service/src/main/java/com/aeropelican/productservice/mapper/ProductVariantMapper.java:[20,37] cannot find symbol
[ERROR]   symbol:   method getProduct()
[ERROR]   location: variable variant of type com.aeropelican.productservice.entity.ProductVariant
[ERROR] /C:/Users/Dell/IdeaProjects/Product-Service/product-service/src/main/java/com/aeropelican/productservice/mapper/ProductVariantMapper.java:[21,29] cannot find symbol
[ERROR]   symbol:   method getSku()
[ERROR]   location: variable variant of type com.aeropelican.productservice.entity.ProductVariant
[ERROR] /C:/Users/Dell/IdeaProjects/Product-Service/product-service/src/main/java/com/aeropelican/productservice/mapper/ProductVariantMapper.java:[22,31] cannot find symbol
[ERROR]   symbol:   method getColor()
[ERROR]   location: variable variant of type com.aeropelican.productservice.entity.ProductVariant
[ERROR] /C:/Users/Dell/IdeaProjects/Product-Service/product-service/src/main/java/com/aeropelican/productservice/mapper/ProductVariantMapper.java:[23,41] cannot find symbol
[ERROR]   symbol:   method getStorageCapacity()
[ERROR]   location: variable variant of type com.aeropelican.productservice.entity.ProductVariant
[ERROR] /C:/Users/Dell/IdeaProjects/Product-Service/product-service/src/main/java/com/aeropelican/productservice/mapper/ProductVariantMapper.java:[24,31] cannot find symbol
[ERROR]   symbol:   method getPrice()
[ERROR]   location: variable variant of type com.aeropelican.productservice.entity.ProductVariant
[ERROR] /C:/Users/Dell/IdeaProjects/Product-Service/product-service/src/main/java/com/aeropelican/productservice/mapper/ProductVariantMapper.java:[25,34] cannot find symbol
[ERROR]   symbol:   method getIsActive()
[ERROR]   location: variable variant of type com.aeropelican.productservice.entity.ProductVariant
[ERROR] -> [Help 1]
org.apache.maven.lifecycle.LifecycleExecutionException: Failed to execute goal org.apache.maven.plugins:maven-compiler-plugin:3.14.1:compile (default-compile) on project product-service: Compilation failure
    at org.apache.maven.lifecycle.internal.MojoExecutor.doExecute2 (MojoExecutor.java:333)
    at org.apache.maven.lifecycle.internal.MojoExecutor.doExecute (MojoExecutor.java:316)
    at org.apache.maven.lifecycle.internal.MojoExecutor.execute (MojoExecutor.java:212)
    at org.apache.maven.lifecycle.internal.MojoExecutor.execute (MojoExecutor.java:174)
    at org.apache.maven.lifecycle.internal.MojoExecutor.access$000 (MojoExecutor.java:75)
    at org.apache.maven.lifecycle.internal.MojoExecutor$1.run (MojoExecutor.java:162)
    at org.apache.maven.plugin.DefaultMojosExecutionStrategy.execute (DefaultMojosExecutionStrategy.java:39)
    at org.apache.maven.lifecycle.internal.MojoExecutor.execute (MojoExecutor.java:159)
    at org.apache.maven.lifecycle.internal.LifecycleModuleBuilder.buildProject (LifecycleModuleBuilder.java:105)
    at org.apache.maven.lifecycle.internal.LifecycleModuleBuilder.buildProject (LifecycleModuleBuilder.java:73)
    at org.apache.maven.lifecycle.internal.builder.singlethreaded.SingleThreadedBuilder.build (SingleThreadedBuilder.java:53)
    at org.apache.maven.lifecycle.internal.LifecycleStarter.execute (LifecycleStarter.java:118)
    at org.apache.maven.DefaultMaven.doExecute (DefaultMaven.java:261)
    at org.apache.maven.DefaultMaven.doExecute (DefaultMaven.java:173)
    at org.apache.maven.DefaultMaven.execute (DefaultMaven.java:101)
    at org.apache.maven.cli.MavenCli.execute (MavenCli.java:919)
    at org.apache.maven.cli.MavenCli.doMain (MavenCli.java:285)
    at org.apache.maven.cli.MavenCli.main (MavenCli.java:207)
    at jdk.internal.reflect.DirectMethodHandleAccessor.invoke (DirectMethodHandleAccessor.java:104)
    at java.lang.reflect.Method.invoke (Method.java:565)
    at org.codehaus.plexus.classworlds.launcher.Launcher.launchEnhanced (Launcher.java:255)
    at org.codehaus.plexus.classworlds.launcher.Launcher.launch (Launcher.java:201)
    at org.codehaus.plexus.classworlds.launcher.Launcher.mainWithExitCode (Launcher.java:362)
    at org.codehaus.plexus.classworlds.launcher.Launcher.main (Launcher.java:314)
Caused by: org.apache.maven.plugin.compiler.CompilationFailureException: Compilation failure
    at org.apache.maven.plugin.compiler.AbstractCompilerMojo.executeReal (AbstractCompilerMojo.java:1318)
    at org.apache.maven.plugin.compiler.AbstractCompilerMojo.execute (AbstractCompilerMojo.java:708)
    at org.apache.maven.plugin.compiler.CompilerMojo.execute (CompilerMojo.java:235)
    at org.apache.maven.plugin.DefaultBuildPluginManager.executeMojo (DefaultBuildPluginManager.java:126)
    at org.apache.maven.lifecycle.internal.MojoExecutor.doExecute2 (MojoExecutor.java:328)
    at org.apache.maven.lifecycle.internal.MojoExecutor.doExecute (MojoExecutor.java:316)
    at org.apache.maven.lifecycle.internal.MojoExecutor.execute (MojoExecutor.java:212)
    at org.apache.maven.lifecycle.internal.MojoExecutor.execute (MojoExecutor.java:174)
    at org.apache.maven.lifecycle.internal.MojoExecutor.access$000 (MojoExecutor.java:75)
    at org.apache.maven.lifecycle.internal.MojoExecutor$1.run (MojoExecutor.java:162)
    at org.apache.maven.plugin.DefaultMojosExecutionStrategy.execute (DefaultMojosExecutionStrategy.java:39)
    at org.apache.maven.lifecycle.internal.MojoExecutor.execute (MojoExecutor.java:159)
    at org.apache.maven.lifecycle.internal.LifecycleModuleBuilder.buildProject (LifecycleModuleBuilder.java:105)
    at org.apache.maven.lifecycle.internal.LifecycleModuleBuilder.buildProject (LifecycleModuleBuilder.java:73)
    at org.apache.maven.lifecycle.internal.builder.singlethreaded.SingleThreadedBuilder.build (SingleThreadedBuilder.java:53)
    at org.apache.maven.lifecycle.internal.LifecycleStarter.execute (LifecycleStarter.java:118)
    at org.apache.maven.DefaultMaven.doExecute (DefaultMaven.java:261)
    at org.apache.maven.DefaultMaven.doExecute (DefaultMaven.java:173)
    at org.apache.maven.DefaultMaven.execute (DefaultMaven.java:101)
    at org.apache.maven.cli.MavenCli.execute (MavenCli.java:919)
    at org.apache.maven.cli.MavenCli.doMain (MavenCli.java:285)
    at org.apache.maven.cli.MavenCli.main (MavenCli.java:207)
    at jdk.internal.reflect.DirectMethodHandleAccessor.invoke (DirectMethodHandleAccessor.java:104)
    at java.lang.reflect.Method.invoke (Method.java:565)
    at org.codehaus.plexus.classworlds.launcher.Launcher.launchEnhanced (Launcher.java:255)
    at org.codehaus.plexus.classworlds.launcher.Launcher.launch (Launcher.java:201)
    at org.codehaus.plexus.classworlds.launcher.Launcher.mainWithExitCode (Launcher.java:362)
    at org.codehaus.plexus.classworlds.launcher.Launcher.main (Launcher.java:314)
[ERROR] 
[ERROR] 
[ERROR] For more information about the errors and possible solutions, please read the following articles:
[ERROR] [Help 1] http://cwiki.apache.org/confluence/display/MAVEN/MojoFailureException
[DEBUG] Shutting down adapter factory; available factories [file-lock, rwlock-local, semaphore-local, noop]; available name mappers [discriminating, file-gaecv, file-gav, file-hgaecv, file-hgav, file-static, gaecv, gav, static]
[DEBUG] Shutting down 'file-lock' factory
[DEBUG] Shutting down 'rwlock-local' factory
[DEBUG] Shutting down 'semaphore-local' factory
[DEBUG] Shutting down 'noop' factory
